use FULL;

INSERT INTO employees VALUES
(1, 'Davolio', 'Nancy', '1968-12-08', '1992-05-01', '4491234567', true),
(2, 'Fuller', 'Andrew', '1952-02-19', '1992-08-14', '', true),
(3, 'Leverling', 'Janet', '1963-08-30', '1992-04-01', '', true),
(4, 'Peacock', 'Margaret', '1958-09-19', '1993-05-03', '', true),
(5, 'Buchanan', 'Steven', '1955-03-04', '1993-10-17', '', true),
(6, 'Suyama', 'Michael', '1963-07-02', '1993-10-17', '', true),
(7, 'King', 'Robert', '1960-05-29', '1994-01-02', '', true),
(8, 'Callahan', 'Laura', '1958-01-09', '1994-03-05', '', true),
(9, 'Dodsworth', 'Anne', '1969-07-02', '1994-11-15', '', true);


INSERT INTO orders (id_order, id_employee, order_date) VALUES
(10248, 5, '1996-07-04'),
(10249, 6, '1996-07-05'),
(10250, 4, '1996-07-08'),
(10251, 3, '1996-07-08'),
(10252, 4, '1996-07-09'),
(10253, 3, '1996-07-10'),
(10254, 5, '1996-07-11'),
(10255, 9, '1996-07-12'),
(10256, 3, '1996-07-15'),
(10257, 4, '1996-07-16'),
(10258, 1, '1996-07-17'),
(10259, 4, '1996-07-18'),
(10260, 4, '1996-07-19'),
(10261, 4, '1996-07-19'),
(10262, 8, '1996-07-22'),
(10263, 9, '1996-07-23'),
(10264, 6, '1996-07-24'),
(10265, 2, '1996-07-25'),
(10266, 3, '1996-07-26'),
(10267, 4, '1996-07-29'),
(10268, 8, '1996-07-30'),
(10269, 5, '1996-07-31'),
(10270, 1, '1996-08-01'),
(10271, 6, '1996-08-01'),
(10272, 6, '1996-08-02'),
(10273, 3, '1996-08-05'),
(10274, 6, '1996-08-06'),
(10275, 1, '1996-08-07'),
(10276, 8, '1996-08-08'),
(10277, 2, '1996-08-09'),
(10278, 8, '1996-08-12'),
(10279, 8, '1996-08-13'),
(10280, 2, '1996-08-14'),
(10281, 4, '1996-08-14'),
(10282, 4, '1996-08-15'),
(10283, 3, '1996-08-16'),
(10284, 4, '1996-08-19'),
(10285, 1, '1996-08-20'),
(10286, 8, '1996-08-21'),
(10287, 8, '1996-08-22'),
(10288, 4, '1996-08-23'),
(10289, 7, '1996-08-26'),
(10290, 8, '1996-08-27'),
(10291, 6, '1996-08-27'),
(10292, 1, '1996-08-28'),
(10293, 1, '1996-08-29'),
(10294, 4, '1996-08-30'),
(10295, 2, '1996-09-02'),
(10296, 6, '1996-09-03'),
(10297, 5, '1996-09-04'),
(10298, 6, '1996-09-05'),
(10299, 4, '1996-09-06'),
(10300, 2, '1996-09-09'),
(10301, 8, '1996-09-09'),
(10302, 4, '1996-09-10'),
(10303, 7, '1996-09-11'),
(10304, 1, '1996-09-12'),
(10305, 8, '1996-09-13'),
(10306, 1, '1996-09-16'),
(10307, 2, '1996-09-17'),
(10308, 7, '1996-09-18'),
(10309, 3, '1996-09-19'),
(10310, 8, '1996-09-20'),
(10311, 1, '1996-09-20'),
(10312, 2, '1996-09-23'),
(10313, 2, '1996-09-24'),
(10314, 1, '1996-09-25'),
(10315, 4, '1996-09-26'),
(10316, 1, '1996-09-27'),
(10317, 6, '1996-09-30'),
(10318, 8, '1996-10-01'),
(10319, 7, '1996-10-02'),
(10320, 5, '1996-10-03'),
(10321, 3, '1996-10-03'),
(10322, 7, '1996-10-04'),
(10323, 4, '1996-10-07'),
(10324, 9, '1996-10-08'),
(10325, 1, '1996-10-09'),
(10326, 4, '1996-10-10'),
(10327, 2, '1996-10-11'),
(10328, 4, '1996-10-14'),
(10329, 4, '1996-10-15'),
(10330, 3, '1996-10-16'),
(10331, 9, '1996-10-16'),
(10332, 3, '1996-10-17'),
(10333, 5, '1996-10-18'),
(10334, 8, '1996-10-21'),
(10335, 7, '1996-10-22'),
(10336, 7, '1996-10-23'),
(10337, 4, '1996-10-24'),
(10338, 4, '1996-10-25'),
(10339, 2, '1996-10-28'),
(10340, 1, '1996-10-29'),
(10341, 7, '1996-10-29'),
(10342, 4, '1996-10-30'),
(10343, 4, '1996-10-31'),
(10344, 4, '1996-11-01'),
(10345, 2, '1996-11-04'),
(10346, 3, '1996-11-05'),
(10347, 4, '1996-11-06'),
(10348, 4, '1996-11-07'),
(10349, 7, '1996-11-08'),
(10350, 6, '1996-11-11'),
(10351, 1, '1996-11-11'),
(10352, 3, '1996-11-12'),
(10353, 7, '1996-11-13'),
(10354, 8, '1996-11-14'),
(10355, 6, '1996-11-15'),
(10356, 6, '1996-11-18'),
(10357, 1, '1996-11-19'),
(10358, 5, '1996-11-20'),
(10359, 5, '1996-11-21'),
(10360, 4, '1996-11-22'),
(10361, 1, '1996-11-22'),
(10362, 3, '1996-11-25'),
(10363, 4, '1996-11-26'),
(10364, 1, '1996-11-26'),
(10365, 3, '1996-11-27'),
(10366, 8, '1996-11-28'),
(10367, 7, '1996-11-28'),
(10368, 2, '1996-11-29'),
(10369, 8, '1996-12-02'),
(10370, 6, '1996-12-03'),
(10371, 1, '1996-12-03'),
(10372, 5, '1996-12-04'),
(10373, 4, '1996-12-05'),
(10374, 1, '1996-12-05'),
(10375, 3, '1996-12-06'),
(10376, 1, '1996-12-09'),
(10377, 1, '1996-12-09'),
(10378, 5, '1996-12-10'),
(10379, 2, '1996-12-11'),
(10380, 8, '1996-12-12'),
(10381, 3, '1996-12-12'),
(10382, 4, '1996-12-13'),
(10383, 8, '1996-12-16'),
(10384, 3, '1996-12-16'),
(10385, 1, '1996-12-17'),
(10386, 9, '1996-12-18'),
(10387, 1, '1996-12-18'),
(10388, 2, '1996-12-19'),
(10389, 4, '1996-12-20'),
(10390, 6, '1996-12-23'),
(10391, 3, '1996-12-23'),
(10392, 2, '1996-12-24'),
(10393, 1, '1996-12-25'),
(10394, 1, '1996-12-25'),
(10395, 6, '1996-12-26'),
(10396, 1, '1996-12-27'),
(10397, 5, '1996-12-27'),
(10398, 2, '1996-12-30'),
(10399, 8, '1996-12-31'),
(10400, 1, '1997-01-01'),
(10401, 1, '1997-01-01'),
(10402, 8, '1997-01-02'),
(10403, 4, '1997-01-03'),
(10404, 2, '1997-01-03'),
(10405, 1, '1997-01-06'),
(10406, 7, '1997-01-07'),
(10407, 2, '1997-01-07'),
(10408, 8, '1997-01-08'),
(10409, 3, '1997-01-09'),
(10410, 3, '1997-01-10'),
(10411, 9, '1997-01-10'),
(10412, 8, '1997-01-13'),
(10413, 3, '1997-01-14'),
(10414, 2, '1997-01-14'),
(10415, 3, '1997-01-15'),
(10416, 8, '1997-01-16'),
(10417, 4, '1997-01-16'),
(10418, 4, '1997-01-17'),
(10419, 4, '1997-01-20'),
(10420, 3, '1997-01-21'),
(10421, 8, '1997-01-21'),
(10422, 2, '1997-01-22'),
(10423, 6, '1997-01-23'),
(10424, 7, '1997-01-23'),
(10425, 6, '1997-01-24'),
(10426, 4, '1997-01-27'),
(10427, 4, '1997-01-27'),
(10428, 7, '1997-01-28'),
(10429, 3, '1997-01-29'),
(10430, 4, '1997-01-30'),
(10431, 4, '1997-01-30'),
(10432, 3, '1997-01-31'),
(10433, 3, '1997-02-03'),
(10434, 3, '1997-02-03'),
(10435, 8, '1997-02-04'),
(10436, 3, '1997-02-05'),
(10437, 8, '1997-02-05'),
(10438, 3, '1997-02-06'),
(10439, 6, '1997-02-07'),
(10440, 4, '1997-02-10'),
(10441, 3, '1997-02-10'),
(10442, 3, '1997-02-11'),
(10443, 8, '1997-02-12'),
(10444, 3, '1997-02-12'),
(10445, 3, '1997-02-13'),
(10446, 6, '1997-02-14'),
(10447, 4, '1997-02-14'),
(10448, 4, '1997-02-17'),
(10449, 3, '1997-02-18'),
(10450, 8, '1997-02-19'),
(10451, 4, '1997-02-19'),
(10452, 8, '1997-02-20'),
(10453, 1, '1997-02-21'),
(10454, 4, '1997-02-21'),
(10455, 8, '1997-02-24'),
(10456, 8, '1997-02-25'),
(10457, 2, '1997-02-25'),
(10458, 7, '1997-02-26'),
(10459, 4, '1997-02-27'),
(10460, 8, '1997-02-28'),
(10461, 1, '1997-02-28'),
(10462, 2, '1997-03-03'),
(10463, 5, '1997-03-04'),
(10464, 4, '1997-03-04'),
(10465, 1, '1997-03-05'),
(10466, 4, '1997-03-06'),
(10467, 8, '1997-03-06'),
(10468, 3, '1997-03-07'),
(10469, 1, '1997-03-10'),
(10470, 4, '1997-03-11'),
(10471, 2, '1997-03-11'),
(10472, 8, '1997-03-12'),
(10473, 1, '1997-03-13'),
(10474, 5, '1997-03-13'),
(10475, 9, '1997-03-14'),
(10476, 8, '1997-03-17'),
(10477, 5, '1997-03-17'),
(10478, 2, '1997-03-18'),
(10479, 3, '1997-03-19'),
(10480, 6, '1997-03-20'),
(10481, 8, '1997-03-20'),
(10482, 1, '1997-03-21'),
(10483, 7, '1997-03-24'),
(10484, 3, '1997-03-24'),
(10485, 4, '1997-03-25'),
(10486, 1, '1997-03-26'),
(10487, 2, '1997-03-26'),
(10488, 8, '1997-03-27'),
(10489, 6, '1997-03-28'),
(10490, 7, '1997-03-31'),
(10491, 8, '1997-03-31'),
(10492, 3, '1997-04-01'),
(10493, 4, '1997-04-02'),
(10494, 4, '1997-04-02'),
(10495, 3, '1997-04-03'),
(10496, 7, '1997-04-04'),
(10497, 7, '1997-04-04'),
(10498, 8, '1997-04-07'),
(10499, 4, '1997-04-08'),
(10500, 6, '1997-04-09'),
(10501, 9, '1997-04-09'),
(10502, 2, '1997-04-10'),
(10503, 6, '1997-04-11'),
(10504, 4, '1997-04-11'),
(10505, 3, '1997-04-14'),
(10506, 9, '1997-04-15'),
(10507, 7, '1997-04-15'),
(10508, 1, '1997-04-16'),
(10509, 4, '1997-04-17'),
(10510, 6, '1997-04-18'),
(10511, 4, '1997-04-18'),
(10512, 7, '1997-04-21'),
(10513, 7, '1997-04-22'),
(10514, 3, '1997-04-22'),
(10515, 2, '1997-04-23'),
(10516, 2, '1997-04-24'),
(10517, 3, '1997-04-24'),
(10518, 4, '1997-04-25'),
(10519, 6, '1997-04-28'),
(10520, 7, '1997-04-29'),
(10521, 8, '1997-04-29'),
(10522, 4, '1997-04-30'),
(10523, 7, '1997-05-01'),
(10524, 1, '1997-05-01'),
(10525, 1, '1997-05-02'),
(10526, 4, '1997-05-05'),
(10527, 7, '1997-05-05'),
(10528, 6, '1997-05-06'),
(10529, 5, '1997-05-07'),
(10530, 3, '1997-05-08'),
(10531, 7, '1997-05-08'),
(10532, 7, '1997-05-09'),
(10533, 8, '1997-05-12'),
(10534, 8, '1997-05-12'),
(10535, 4, '1997-05-13'),
(10536, 3, '1997-05-14'),
(10537, 1, '1997-05-14'),
(10538, 9, '1997-05-15'),
(10539, 6, '1997-05-16'),
(10540, 3, '1997-05-19'),
(10541, 2, '1997-05-19'),
(10542, 1, '1997-05-20'),
(10543, 8, '1997-05-21'),
(10544, 4, '1997-05-21'),
(10545, 8, '1997-05-22'),
(10546, 1, '1997-05-23'),
(10547, 3, '1997-05-23'),
(10548, 3, '1997-05-26'),
(10549, 5, '1997-05-27'),
(10550, 7, '1997-05-28'),
(10551, 4, '1997-05-28'),
(10552, 2, '1997-05-29'),
(10553, 2, '1997-05-30'),
(10554, 4, '1997-05-30'),
(10555, 6, '1997-06-02'),
(10556, 2, '1997-06-03'),
(10557, 9, '1997-06-03'),
(10558, 1, '1997-06-04'),
(10559, 6, '1997-06-05'),
(10560, 8, '1997-06-06'),
(10561, 2, '1997-06-06'),
(10562, 1, '1997-06-09'),
(10563, 2, '1997-06-10'),
(10564, 4, '1997-06-10'),
(10565, 8, '1997-06-11'),
(10566, 9, '1997-06-12'),
(10567, 1, '1997-06-12'),
(10568, 3, '1997-06-13'),
(10569, 5, '1997-06-16'),
(10570, 3, '1997-06-17'),
(10571, 8, '1997-06-17'),
(10572, 3, '1997-06-18'),
(10573, 7, '1997-06-19'),
(10574, 4, '1997-06-19'),
(10575, 5, '1997-06-20'),
(10576, 3, '1997-06-23'),
(10577, 9, '1997-06-23'),
(10578, 4, '1997-06-24'),
(10579, 1, '1997-06-25'),
(10580, 4, '1997-06-26'),
(10581, 3, '1997-06-26'),
(10582, 3, '1997-06-27'),
(10583, 2, '1997-06-30'),
(10584, 4, '1997-06-30'),
(10585, 7, '1997-07-01'),
(10586, 9, '1997-07-02'),
(10587, 1, '1997-07-02'),
(10588, 2, '1997-07-03'),
(10589, 8, '1997-07-04'),
(10590, 4, '1997-07-07'),
(10591, 1, '1997-07-07'),
(10592, 3, '1997-07-08'),
(10593, 7, '1997-07-09'),
(10594, 3, '1997-07-09'),
(10595, 2, '1997-07-10'),
(10596, 8, '1997-07-11'),
(10597, 7, '1997-07-11'),
(10598, 1, '1997-07-14'),
(10599, 6, '1997-07-15'),
(10600, 4, '1997-07-16'),
(10601, 7, '1997-07-16'),
(10602, 8, '1997-07-17'),
(10603, 8, '1997-07-18'),
(10604, 1, '1997-07-18'),
(10605, 1, '1997-07-21'),
(10606, 4, '1997-07-22'),
(10607, 5, '1997-07-22'),
(10608, 4, '1997-07-23'),
(10609, 7, '1997-07-24'),
(10610, 8, '1997-07-25'),
(10611, 6, '1997-07-25'),
(10612, 1, '1997-07-28'),
(10613, 4, '1997-07-29'),
(10614, 8, '1997-07-29'),
(10615, 2, '1997-07-30'),
(10616, 1, '1997-07-31'),
(10617, 4, '1997-07-31'),
(10618, 1, '1997-08-01'),
(10619, 3, '1997-08-04'),
(10620, 2, '1997-08-05'),
(10621, 4, '1997-08-05'),
(10622, 4, '1997-08-06'),
(10623, 8, '1997-08-07'),
(10624, 4, '1997-08-07'),
(10625, 3, '1997-08-08'),
(10626, 1, '1997-08-11'),
(10627, 8, '1997-08-11'),
(10628, 4, '1997-08-12'),
(10629, 4, '1997-08-12'),
(10630, 1, '1997-08-13'),
(10631, 8, '1997-08-14'),
(10632, 8, '1997-08-14'),
(10633, 7, '1997-08-15'),
(10634, 4, '1997-08-15'),
(10635, 8, '1997-08-18'),
(10636, 4, '1997-08-19'),
(10637, 6, '1997-08-19'),
(10638, 3, '1997-08-20'),
(10639, 7, '1997-08-20'),
(10640, 4, '1997-08-21'),
(10641, 4, '1997-08-22'),
(10642, 7, '1997-08-22'),
(10643, 6, '1997-08-25'),
(10644, 3, '1997-08-25'),
(10645, 4, '1997-08-26'),
(10646, 9, '1997-08-27'),
(10647, 4, '1997-08-27'),
(10648, 5, '1997-08-28'),
(10649, 5, '1997-08-28'),
(10650, 5, '1997-08-29'),
(10651, 8, '1997-09-01'),
(10652, 4, '1997-09-01'),
(10653, 1, '1997-09-02'),
(10654, 5, '1997-09-02'),
(10655, 1, '1997-09-03'),
(10656, 6, '1997-09-04'),
(10657, 2, '1997-09-04'),
(10658, 4, '1997-09-05'),
(10659, 7, '1997-09-05'),
(10660, 8, '1997-09-08'),
(10661, 7, '1997-09-09'),
(10662, 3, '1997-09-09'),
(10663, 2, '1997-09-10'),
(10664, 1, '1997-09-10'),
(10665, 1, '1997-09-11'),
(10666, 7, '1997-09-12'),
(10667, 7, '1997-09-12'),
(10668, 1, '1997-09-15'),
(10669, 2, '1997-09-15'),
(10670, 4, '1997-09-16'),
(10671, 1, '1997-09-17'),
(10672, 9, '1997-09-17'),
(10673, 2, '1997-09-18'),
(10674, 4, '1997-09-18'),
(10675, 5, '1997-09-19'),
(10676, 2, '1997-09-22'),
(10677, 1, '1997-09-22'),
(10678, 7, '1997-09-23'),
(10679, 8, '1997-09-23'),
(10680, 1, '1997-09-24'),
(10681, 3, '1997-09-25'),
(10682, 3, '1997-09-25'),
(10683, 2, '1997-09-26'),
(10684, 3, '1997-09-26'),
(10685, 4, '1997-09-29'),
(10686, 2, '1997-09-30'),
(10687, 9, '1997-09-30'),
(10688, 4, '1997-10-01'),
(10689, 1, '1997-10-01'),
(10690, 1, '1997-10-02'),
(10691, 2, '1997-10-03'),
(10692, 4, '1997-10-03'),
(10693, 3, '1997-10-06'),
(10694, 8, '1997-10-06'),
(10695, 7, '1997-10-07'),
(10696, 8, '1997-10-08'),
(10697, 3, '1997-10-08'),
(10698, 4, '1997-10-09'),
(10699, 3, '1997-10-09'),
(10700, 3, '1997-10-10'),
(10701, 6, '1997-10-13'),
(10702, 4, '1997-10-13'),
(10703, 6, '1997-10-14'),
(10704, 6, '1997-10-14'),
(10705, 9, '1997-10-15'),
(10706, 8, '1997-10-16'),
(10707, 4, '1997-10-16'),
(10708, 6, '1997-10-17'),
(10709, 1, '1997-10-17'),
(10710, 1, '1997-10-20'),
(10711, 5, '1997-10-21'),
(10712, 3, '1997-10-21'),
(10713, 1, '1997-10-22'),
(10714, 5, '1997-10-22'),
(10715, 3, '1997-10-23'),
(10716, 4, '1997-10-24'),
(10717, 1, '1997-10-24'),
(10718, 1, '1997-10-27'),
(10719, 8, '1997-10-27'),
(10720, 8, '1997-10-28'),
(10721, 5, '1997-10-29'),
(10722, 8, '1997-10-29'),
(10723, 3, '1997-10-30'),
(10724, 8, '1997-10-30'),
(10725, 4, '1997-10-31'),
(10726, 4, '1997-11-03'),
(10727, 2, '1997-11-03'),
(10728, 4, '1997-11-04'),
(10729, 8, '1997-11-04'),
(10730, 5, '1997-11-05'),
(10731, 7, '1997-11-06'),
(10732, 3, '1997-11-06'),
(10733, 1, '1997-11-07'),
(10734, 2, '1997-11-07'),
(10735, 6, '1997-11-10'),
(10736, 9, '1997-11-11'),
(10737, 2, '1997-11-11'),
(10738, 2, '1997-11-12'),
(10739, 3, '1997-11-12'),
(10740, 4, '1997-11-13'),
(10741, 4, '1997-11-14'),
(10742, 3, '1997-11-14'),
(10743, 1, '1997-11-17'),
(10744, 6, '1997-11-17'),
(10745, 9, '1997-11-18'),
(10746, 1, '1997-11-19'),
(10747, 6, '1997-11-19'),
(10748, 3, '1997-11-20'),
(10749, 4, '1997-11-20'),
(10750, 9, '1997-11-21'),
(10751, 3, '1997-11-24'),
(10752, 2, '1997-11-24'),
(10753, 3, '1997-11-25'),
(10754, 6, '1997-11-25'),
(10755, 4, '1997-11-26'),
(10756, 8, '1997-11-27'),
(10757, 6, '1997-11-27'),
(10758, 3, '1997-11-28'),
(10759, 3, '1997-11-28'),
(10760, 4, '1997-12-01'),
(10761, 5, '1997-12-02'),
(10762, 3, '1997-12-02'),
(10763, 3, '1997-12-03'),
(10764, 6, '1997-12-03'),
(10765, 3, '1997-12-04'),
(10766, 4, '1997-12-05'),
(10767, 4, '1997-12-05'),
(10768, 3, '1997-12-08'),
(10769, 3, '1997-12-08'),
(10770, 8, '1997-12-09'),
(10771, 9, '1997-12-10'),
(10772, 3, '1997-12-10'),
(10773, 1, '1997-12-11'),
(10774, 4, '1997-12-11'),
(10775, 7, '1997-12-12'),
(10776, 1, '1997-12-15'),
(10777, 7, '1997-12-15'),
(10778, 3, '1997-12-16'),
(10779, 3, '1997-12-16'),
(10780, 2, '1997-12-16'),
(10781, 2, '1997-12-17'),
(10782, 9, '1997-12-17'),
(10783, 4, '1997-12-18'),
(10784, 4, '1997-12-18'),
(10785, 1, '1997-12-18'),
(10786, 8, '1997-12-19'),
(10787, 2, '1997-12-19'),
(10788, 1, '1997-12-22'),
(10789, 1, '1997-12-22'),
(10790, 6, '1997-12-22'),
(10791, 6, '1997-12-23'),
(10792, 1, '1997-12-23'),
(10793, 3, '1997-12-24'),
(10794, 6, '1997-12-24'),
(10795, 8, '1997-12-24'),
(10796, 3, '1997-12-25'),
(10797, 7, '1997-12-25'),
(10798, 2, '1997-12-26'),
(10799, 9, '1997-12-26'),
(10800, 1, '1997-12-26'),
(10801, 4, '1997-12-29'),
(10802, 4, '1997-12-29'),
(10803, 4, '1997-12-30'),
(10804, 6, '1997-12-30'),
(10805, 2, '1997-12-30'),
(10806, 3, '1997-12-31'),
(10807, 4, '1997-12-31'),
(10808, 2, '1998-01-01'),
(10809, 7, '1998-01-01'),
(10810, 2, '1998-01-01'),
(10811, 8, '1998-01-02'),
(10812, 5, '1998-01-02'),
(10813, 1, '1998-01-05'),
(10814, 3, '1998-01-05'),
(10815, 2, '1998-01-05'),
(10816, 4, '1998-01-06'),
(10817, 3, '1998-01-06'),
(10818, 7, '1998-01-07'),
(10819, 2, '1998-01-07'),
(10820, 3, '1998-01-07'),
(10821, 1, '1998-01-08'),
(10822, 6, '1998-01-08'),
(10823, 5, '1998-01-09'),
(10824, 8, '1998-01-09'),
(10825, 1, '1998-01-09'),
(10826, 6, '1998-01-12'),
(10827, 1, '1998-01-12'),
(10828, 9, '1998-01-13'),
(10829, 9, '1998-01-13'),
(10830, 4, '1998-01-13'),
(10831, 3, '1998-01-14'),
(10832, 2, '1998-01-14'),
(10833, 6, '1998-01-15'),
(10834, 1, '1998-01-15'),
(10835, 1, '1998-01-15'),
(10836, 7, '1998-01-16'),
(10837, 9, '1998-01-16'),
(10838, 3, '1998-01-19'),
(10839, 3, '1998-01-19'),
(10840, 4, '1998-01-19'),
(10841, 5, '1998-01-20'),
(10842, 1, '1998-01-20'),
(10843, 4, '1998-01-21'),
(10844, 8, '1998-01-21'),
(10845, 8, '1998-01-21'),
(10846, 2, '1998-01-22'),
(10847, 4, '1998-01-22'),
(10848, 7, '1998-01-23'),
(10849, 9, '1998-01-23'),
(10850, 1, '1998-01-23'),
(10851, 5, '1998-01-26'),
(10852, 8, '1998-01-26'),
(10853, 9, '1998-01-27'),
(10854, 3, '1998-01-27'),
(10855, 3, '1998-01-27'),
(10856, 3, '1998-01-28'),
(10857, 8, '1998-01-28'),
(10858, 2, '1998-01-29'),
(10859, 1, '1998-01-29'),
(10860, 3, '1998-01-29'),
(10861, 4, '1998-01-30'),
(10862, 8, '1998-01-30'),
(10863, 4, '1998-02-02'),
(10864, 4, '1998-02-02'),
(10865, 2, '1998-02-02'),
(10866, 5, '1998-02-03'),
(10867, 6, '1998-02-03'),
(10868, 7, '1998-02-04'),
(10869, 5, '1998-02-04'),
(10870, 5, '1998-02-04'),
(10871, 9, '1998-02-05'),
(10872, 5, '1998-02-05'),
(10873, 4, '1998-02-06'),
(10874, 5, '1998-02-06'),
(10875, 4, '1998-02-06'),
(10876, 7, '1998-02-09'),
(10877, 1, '1998-02-09'),
(10878, 4, '1998-02-10'),
(10879, 3, '1998-02-10'),
(10880, 7, '1998-02-10'),
(10881, 4, '1998-02-11'),
(10882, 4, '1998-02-11'),
(10883, 8, '1998-02-12'),
(10884, 4, '1998-02-12'),
(10885, 6, '1998-02-12'),
(10886, 1, '1998-02-13'),
(10887, 8, '1998-02-13'),
(10888, 1, '1998-02-16'),
(10889, 9, '1998-02-16'),
(10890, 7, '1998-02-16'),
(10891, 7, '1998-02-17'),
(10892, 4, '1998-02-17'),
(10893, 9, '1998-02-18'),
(10894, 1, '1998-02-18'),
(10895, 3, '1998-02-18'),
(10896, 7, '1998-02-19'),
(10897, 3, '1998-02-19'),
(10898, 4, '1998-02-20'),
(10899, 5, '1998-02-20'),
(10900, 1, '1998-02-20'),
(10901, 4, '1998-02-23'),
(10902, 1, '1998-02-23'),
(10903, 3, '1998-02-24'),
(10904, 3, '1998-02-24'),
(10905, 9, '1998-02-24'),
(10906, 4, '1998-02-25'),
(10907, 6, '1998-02-25'),
(10908, 4, '1998-02-26'),
(10909, 1, '1998-02-26'),
(10910, 1, '1998-02-26'),
(10911, 3, '1998-02-26'),
(10912, 2, '1998-02-26'),
(10913, 4, '1998-02-26'),
(10914, 6, '1998-02-27'),
(10915, 2, '1998-02-27'),
(10916, 1, '1998-02-27'),
(10917, 4, '1998-03-02'),
(10918, 3, '1998-03-02'),
(10919, 2, '1998-03-02'),
(10920, 4, '1998-03-03'),
(10921, 1, '1998-03-03'),
(10922, 5, '1998-03-03'),
(10923, 7, '1998-03-03'),
(10924, 3, '1998-03-04'),
(10925, 3, '1998-03-04'),
(10926, 4, '1998-03-04'),
(10927, 4, '1998-03-05'),
(10928, 1, '1998-03-05'),
(10929, 6, '1998-03-05'),
(10930, 4, '1998-03-06'),
(10931, 4, '1998-03-06'),
(10932, 8, '1998-03-06'),
(10933, 6, '1998-03-06'),
(10934, 3, '1998-03-09'),
(10935, 4, '1998-03-09'),
(10936, 3, '1998-03-09'),
(10937, 7, '1998-03-10'),
(10938, 3, '1998-03-10'),
(10939, 2, '1998-03-10'),
(10940, 8, '1998-03-11'),
(10941, 7, '1998-03-11'),
(10942, 9, '1998-03-11'),
(10943, 4, '1998-03-11'),
(10944, 6, '1998-03-12'),
(10945, 4, '1998-03-12'),
(10946, 1, '1998-03-12'),
(10947, 3, '1998-03-13'),
(10948, 3, '1998-03-13'),
(10949, 2, '1998-03-13'),
(10950, 1, '1998-03-16'),
(10951, 9, '1998-03-16'),
(10952, 1, '1998-03-16'),
(10953, 9, '1998-03-16'),
(10954, 5, '1998-03-17'),
(10955, 8, '1998-03-17'),
(10956, 6, '1998-03-17'),
(10957, 8, '1998-03-18'),
(10958, 7, '1998-03-18'),
(10959, 6, '1998-03-18'),
(10960, 3, '1998-03-19'),
(10961, 8, '1998-03-19'),
(10962, 8, '1998-03-19'),
(10963, 9, '1998-03-19'),
(10964, 3, '1998-03-20'),
(10965, 6, '1998-03-20'),
(10966, 4, '1998-03-20'),
(10967, 2, '1998-03-23'),
(10968, 1, '1998-03-23'),
(10969, 1, '1998-03-23'),
(10970, 9, '1998-03-24'),
(10971, 2, '1998-03-24'),
(10972, 4, '1998-03-24'),
(10973, 6, '1998-03-24'),
(10974, 3, '1998-03-25'),
(10975, 1, '1998-03-25'),
(10976, 1, '1998-03-25'),
(10977, 8, '1998-03-26'),
(10978, 9, '1998-03-26'),
(10979, 8, '1998-03-26'),
(10980, 4, '1998-03-27'),
(10981, 1, '1998-03-27'),
(10982, 2, '1998-03-27'),
(10983, 2, '1998-03-27'),
(10984, 1, '1998-03-30'),
(10985, 2, '1998-03-30'),
(10986, 8, '1998-03-30'),
(10987, 8, '1998-03-31'),
(10988, 3, '1998-03-31'),
(10989, 2, '1998-03-31'),
(10990, 2, '1998-04-01'),
(10991, 1, '1998-04-01'),
(10992, 1, '1998-04-01'),
(10993, 7, '1998-04-01'),
(10994, 2, '1998-04-02'),
(10995, 1, '1998-04-02'),
(10996, 4, '1998-04-02'),
(10997, 8, '1998-04-03'),
(10998, 8, '1998-04-03'),
(10999, 6, '1998-04-03'),
(11000, 2, '1998-04-06'),
(11001, 2, '1998-04-06'),
(11002, 4, '1998-04-06'),
(11003, 3, '1998-04-06'),
(11004, 3, '1998-04-07'),
(11005, 2, '1998-04-07'),
(11006, 3, '1998-04-07'),
(11007, 8, '1998-04-08'),
(11008, 7, '1998-04-08'),
(11009, 2, '1998-04-08'),
(11010, 2, '1998-04-09'),
(11011, 3, '1998-04-09'),
(11012, 1, '1998-04-09'),
(11013, 2, '1998-04-09'),
(11014, 2, '1998-04-10'),
(11015, 2, '1998-04-10'),
(11016, 9, '1998-04-10'),
(11017, 9, '1998-04-13'),
(11018, 4, '1998-04-13'),
(11019, 6, '1998-04-13'),
(11020, 2, '1998-04-14'),
(11021, 3, '1998-04-14'),
(11022, 9, '1998-04-14'),
(11023, 1, '1998-04-14'),
(11024, 4, '1998-04-15'),
(11025, 6, '1998-04-15'),
(11026, 4, '1998-04-15'),
(11027, 1, '1998-04-16'),
(11028, 2, '1998-04-16'),
(11029, 4, '1998-04-16'),
(11030, 7, '1998-04-17'),
(11031, 6, '1998-04-17'),
(11032, 2, '1998-04-17'),
(11033, 7, '1998-04-17'),
(11034, 8, '1998-04-20'),
(11035, 2, '1998-04-20'),
(11036, 8, '1998-04-20'),
(11037, 7, '1998-04-21'),
(11038, 1, '1998-04-21'),
(11039, 1, '1998-04-21'),
(11040, 4, '1998-04-22'),
(11041, 3, '1998-04-22'),
(11042, 2, '1998-04-22'),
(11043, 5, '1998-04-22'),
(11044, 4, '1998-04-23'),
(11045, 6, '1998-04-23'),
(11046, 8, '1998-04-23'),
(11047, 7, '1998-04-24'),
(11048, 7, '1998-04-24'),
(11049, 3, '1998-04-24'),
(11050, 8, '1998-04-27'),
(11051, 7, '1998-04-27'),
(11052, 3, '1998-04-27'),
(11053, 2, '1998-04-27'),
(11054, 8, '1998-04-28'),
(11055, 7, '1998-04-28'),
(11056, 8, '1998-04-28'),
(11057, 3, '1998-04-29'),
(11058, 9, '1998-04-29'),
(11059, 2, '1998-04-29'),
(11060, 2, '1998-04-30'),
(11061, 4, '1998-04-30'),
(11062, 4, '1998-04-30'),
(11063, 3, '1998-04-30'),
(11064, 1, '1998-05-01'),
(11065, 8, '1998-05-01'),
(11066, 7, '1998-05-01'),
(11067, 1, '1998-05-04'),
(11068, 8, '1998-05-04'),
(11069, 1, '1998-05-04'),
(11070, 2, '1998-05-05'),
(11071, 1, '1998-05-05'),
(11072, 4, '1998-05-05'),
(11073, 2, '1998-05-05'),
(11074, 7, '1998-05-06'),
(11075, 8, '1998-05-06'),
(11076, 4, '1998-05-06'),
(11077, 1, '1998-05-06');


INSERT INTO products (id_product, product_name, unit_price) VALUES
(1, 'Chai', '18.0000'),
(2, 'Chang', '19.0000'),
(3, 'Aniseed Syrup', '10.0000'),
(4, 'Chef Anton\'s Cajun Seasoning', '22.0000'),
(5, 'Chef Anton\'s Gumbo Mix', '21.3500'),
(6, 'Grandma\'s Boysenberry Spread', '25.0000'),
(7, 'Uncle Bob\'s Organic Dried Pears', '30.0000'),
(8, 'Northwoods Cranberry Sauce', '40.0000'),
(9, 'Mishi Kobe Niku', '97.0000'),
(10, 'Ikura', '31.0000'),
(11, 'Queso Cabrales', '21.0000'),
(12, 'Queso Manchego La Pastora', '38.0000'),
(13, 'Konbu', '6.0000'),
(14, 'Tofu', '23.2500'),
(15, 'Genen Shouyu', '15.5000'),
(16, 'Pavlova', '17.4500'),
(17, 'Alice Mutton', '39.0000'),
(18, 'Carnarvon Tigers', '62.5000'),
(19, 'Teatime Chocolate Biscuits', '9.2000'),
(20, 'Sir Rodney\'s Marmalade', '81.0000'),
(21, 'Sir Rodney\'s Scones', '10.0000'),
(22, 'Gustaf\'s Knäckebröd', '21.0000'),
(23, 'Tunnbröd', '9.0000'),
(24, 'Guaraná Fantástica', '4.5000'),
(25, 'NuNuCa Nuß-Nougat-Creme', '14.0000'),
(26, 'Gumbär Gummibärchen', '31.2300'),
(27, 'Schoggi Schokolade', '43.9000'),
(28, 'Rössle Sauerkraut', '45.6000'),
(29, 'Thüringer Rostbratwurst', '123.7900'),
(30, 'Nord-Ost Matjeshering', '25.8900'),
(31, 'Gorgonzola Telino', '12.5000'),
(32, 'Mascarpone Fabioli', '32.0000'),
(33, 'Geitost', '2.5000'),
(34, 'Sasquatch Ale', '14.0000'),
(35, 'Steeleye Stout', '18.0000'),
(36, 'Inlagd Sill', '19.0000'),
(37, 'Gravad lax', '26.0000'),
(38, 'Côte de Blaye', '263.5000'),
(39, 'Chartreuse verte', '18.0000'),
(40, 'Boston Crab Meat', '18.4000'),
(41, 'Jack\'s New England Clam Chowder', '9.6500'),
(42, 'Singaporean Hokkien Fried Mee', '14.0000'),
(43, 'Ipoh Coffee', '46.0000'),
(44, 'Gula Malacca', '19.4500'),
(45, 'Røgede sild', '9.5000'),
(46, 'Spegesild', '12.0000'),
(47, 'Zaanse koeken', '9.5000'),
(48, 'Chocolade', '12.7500'),
(49, 'Maxilaku', '20.0000'),
(50, 'Valkoinen suklaa', '16.2500'),
(51, 'Manjimup Dried Apples', '53.0000'),
(52, 'Filo Mix', '7.0000'),
(53, 'Perth Pasties', '32.8000'),
(54, 'Tourtière', '7.4500'),
(55, 'Pâté chinois', '24.0000'),
(56, 'Gnocchi di nonna Alice', '38.0000'),
(57, 'Ravioli Angelo', '19.5000'),
(58, 'Escargots de Bourgogne', '13.2500'),
(59, 'Raclette Courdavault', '55.0000'),
(60, 'Camembert Pierrot', '34.0000'),
(61, 'Sirop d\'érable', '28.5000'),
(62, 'Tarte au sucre', '49.3000'),
(63, 'Vegie-spread', '43.9000'),
(64, 'Wimmers gute Semmelknödel', '33.2500'),
(65, 'Louisiana Fiery Hot Pepper Sauce', '21.0500'),
(66, 'Louisiana Hot Spiced Okra', '17.0000'),
(67, 'Laughing Lumberjack Lager', '14.0000'),
(68, 'Scottish Longbreads', '12.5000'),
(69, 'Gudbrandsdalsost', '36.0000'),
(70, 'Outback Lager', '15.0000'),
(71, 'Fløtemysost', '21.5000'),
(72, 'Mozzarella di Giovanni', '34.8000'),
(73, 'Röd Kaviar', '15.0000'),
(74, 'Longlife Tofu', '10.0000'),
(75, 'Rhönbräu Klosterbier', '7.7500'),
(76, 'Lakkalikööri', '18.0000'),
(77, 'Original Frankfurter grüne Soße', '13.0000');



INSERT INTO orderdetails (id_order, id_Product, unit_price, quantity, discount) VALUES
(10248, 11, '14.0000', 12, 0),
(10248, 42, '9.8000', 10, 0),
(10248, 72, '34.8000', 5, 0),
(10249, 14, '18.6000', 9, 0),
(10249, 51, '42.4000', 40, 0),
(10250, 41, '7.7000', 10, 0),
(10250, 51, '42.4000', 35, 0.15),
(10250, 65, '16.8000', 15, 0.15),
(10251, 22, '16.8000', 6, 0.05),
(10251, 57, '15.6000', 15, 0.05),
(10251, 65, '16.8000', 20, 0),
(10252, 20, '64.8000', 40, 0.05),
(10252, 33, '2.0000', 25, 0.05),
(10252, 60, '27.2000', 40, 0),
(10253, 31, '10.0000', 20, 0),
(10253, 39, '14.4000', 42, 0),
(10253, 49, '16.0000', 40, 0),
(10254, 24, '3.6000', 15, 0.15),
(10254, 55, '19.2000', 21, 0.15),
(10254, 74, '8.0000', 21, 0),
(10255, 2, '15.2000', 20, 0),
(10255, 16, '13.9000', 35, 0),
(10255, 36, '15.2000', 25, 0),
(10255, 59, '44.0000', 30, 0),
(10256, 53, '26.2000', 15, 0),
(10256, 77, '10.4000', 12, 0),
(10257, 27, '35.1000', 25, 0),
(10257, 39, '14.4000', 6, 0),
(10257, 77, '10.4000', 15, 0),
(10258, 2, '15.2000', 50, 0.2),
(10258, 5, '17.0000', 65, 0.2),
(10258, 32, '25.6000', 6, 0.2),
(10259, 21, '8.0000', 10, 0),
(10259, 37, '20.8000', 1, 0),
(10260, 41, '7.7000', 16, 0.25),
(10260, 57, '15.6000', 50, 0),
(10260, 62, '39.4000', 15, 0.25),
(10260, 70, '12.0000', 21, 0.25),
(10261, 21, '8.0000', 20, 0),
(10261, 35, '14.4000', 20, 0),
(10262, 5, '17.0000', 12, 0.2),
(10262, 7, '24.0000', 15, 0),
(10262, 56, '30.4000', 2, 0),
(10263, 16, '13.9000', 60, 0.25),
(10263, 24, '3.6000', 28, 0),
(10263, 30, '20.7000', 60, 0.25),
(10263, 74, '8.0000', 36, 0.25),
(10264, 2, '15.2000', 35, 0),
(10264, 41, '7.7000', 25, 0.15),
(10265, 17, '31.2000', 30, 0),
(10265, 70, '12.0000', 20, 0),
(10266, 12, '30.4000', 12, 0.05),
(10267, 40, '14.7000', 50, 0),
(10267, 59, '44.0000', 70, 0.15),
(10267, 76, '14.4000', 15, 0.15),
(10268, 29, '99.0000', 10, 0),
(10268, 72, '27.8000', 4, 0),
(10269, 33, '2.0000', 60, 0.05),
(10269, 72, '27.8000', 20, 0.05),
(10270, 36, '15.2000', 30, 0),
(10270, 43, '36.8000', 25, 0),
(10271, 33, '2.0000', 24, 0),
(10272, 20, '64.8000', 6, 0),
(10272, 31, '10.0000', 40, 0),
(10272, 72, '27.8000', 24, 0),
(10273, 10, '24.8000', 24, 0.05),
(10273, 31, '10.0000', 15, 0.05),
(10273, 33, '2.0000', 20, 0),
(10273, 40, '14.7000', 60, 0.05),
(10273, 76, '14.4000', 33, 0.05),
(10274, 71, '17.2000', 20, 0),
(10274, 72, '27.8000', 7, 0),
(10275, 24, '3.6000', 12, 0.05),
(10275, 59, '44.0000', 6, 0.05),
(10276, 10, '24.8000', 15, 0),
(10276, 13, '4.8000', 10, 0),
(10277, 28, '36.4000', 20, 0),
(10277, 62, '39.4000', 12, 0),
(10278, 44, '15.5000', 16, 0),
(10278, 59, '44.0000', 15, 0),
(10278, 63, '35.1000', 8, 0),
(10278, 73, '12.0000', 25, 0),
(10279, 17, '31.2000', 15, 0.25),
(10280, 24, '3.6000', 12, 0),
(10280, 55, '19.2000', 20, 0),
(10280, 75, '6.2000', 30, 0),
(10281, 19, '7.3000', 1, 0),
(10281, 24, '3.6000', 6, 0),
(10281, 35, '14.4000', 4, 0),
(10282, 30, '20.7000', 6, 0),
(10282, 57, '15.6000', 2, 0),
(10283, 15, '12.4000', 20, 0),
(10283, 19, '7.3000', 18, 0),
(10283, 60, '27.2000', 35, 0),
(10283, 72, '27.8000', 3, 0),
(10284, 27, '35.1000', 15, 0.25),
(10284, 44, '15.5000', 21, 0),
(10284, 60, '27.2000', 20, 0.25),
(10284, 67, '11.2000', 5, 0.25),
(10285, 1, '14.4000', 45, 0.2),
(10285, 40, '14.7000', 40, 0.2),
(10285, 53, '26.2000', 36, 0.2),
(10286, 35, '14.4000', 100, 0),
(10286, 62, '39.4000', 40, 0),
(10287, 16, '13.9000', 40, 0.15),
(10287, 34, '11.2000', 20, 0),
(10287, 46, '9.6000', 15, 0.15),
(10288, 54, '5.9000', 10, 0.1),
(10288, 68, '10.0000', 3, 0.1),
(10289, 3, '8.0000', 30, 0),
(10289, 64, '26.6000', 9, 0),
(10290, 5, '17.0000', 20, 0),
(10290, 29, '99.0000', 15, 0),
(10290, 49, '16.0000', 15, 0),
(10290, 77, '10.4000', 10, 0),
(10291, 13, '4.8000', 20, 0.1),
(10291, 44, '15.5000', 24, 0.1),
(10291, 51, '42.4000', 2, 0.1),
(10292, 20, '64.8000', 20, 0),
(10293, 18, '50.0000', 12, 0),
(10293, 24, '3.6000', 10, 0),
(10293, 63, '35.1000', 5, 0),
(10293, 75, '6.2000', 6, 0),
(10294, 1, '14.4000', 18, 0),
(10294, 17, '31.2000', 15, 0),
(10294, 43, '36.8000', 15, 0),
(10294, 60, '27.2000', 21, 0),
(10294, 75, '6.2000', 6, 0),
(10295, 56, '30.4000', 4, 0),
(10296, 11, '16.8000', 12, 0),
(10296, 16, '13.9000', 30, 0),
(10296, 69, '28.8000', 15, 0),
(10297, 39, '14.4000', 60, 0),
(10297, 72, '27.8000', 20, 0),
(10298, 2, '15.2000', 40, 0),
(10298, 36, '15.2000', 40, 0.25),
(10298, 59, '44.0000', 30, 0.25),
(10298, 62, '39.4000', 15, 0),
(10299, 19, '7.3000', 15, 0),
(10299, 70, '12.0000', 20, 0),
(10300, 66, '13.6000', 30, 0),
(10300, 68, '10.0000', 20, 0),
(10301, 40, '14.7000', 10, 0),
(10301, 56, '30.4000', 20, 0),
(10302, 17, '31.2000', 40, 0),
(10302, 28, '36.4000', 28, 0),
(10302, 43, '36.8000', 12, 0),
(10303, 40, '14.7000', 40, 0.1),
(10303, 65, '16.8000', 30, 0.1),
(10303, 68, '10.0000', 15, 0.1),
(10304, 49, '16.0000', 30, 0),
(10304, 59, '44.0000', 10, 0),
(10304, 71, '17.2000', 2, 0),
(10305, 18, '50.0000', 25, 0.1),
(10305, 29, '99.0000', 25, 0.1),
(10305, 39, '14.4000', 30, 0.1),
(10306, 30, '20.7000', 10, 0),
(10306, 53, '26.2000', 10, 0),
(10306, 54, '5.9000', 5, 0),
(10307, 62, '39.4000', 10, 0),
(10307, 68, '10.0000', 3, 0),
(10308, 69, '28.8000', 1, 0),
(10308, 70, '12.0000', 5, 0),
(10309, 4, '17.6000', 20, 0),
(10309, 6, '20.0000', 30, 0),
(10309, 42, '11.2000', 2, 0),
(10309, 43, '36.8000', 20, 0),
(10309, 71, '17.2000', 3, 0),
(10310, 16, '13.9000', 10, 0),
(10310, 62, '39.4000', 5, 0),
(10311, 42, '11.2000', 6, 0),
(10311, 69, '28.8000', 7, 0),
(10312, 28, '36.4000', 4, 0),
(10312, 43, '36.8000', 24, 0),
(10312, 53, '26.2000', 20, 0),
(10312, 75, '6.2000', 10, 0),
(10313, 36, '15.2000', 12, 0),
(10314, 32, '25.6000', 40, 0.1),
(10314, 58, '10.6000', 30, 0.1),
(10314, 62, '39.4000', 25, 0.1),
(10315, 34, '11.2000', 14, 0),
(10315, 70, '12.0000', 30, 0),
(10316, 41, '7.7000', 10, 0),
(10316, 62, '39.4000', 70, 0),
(10317, 1, '14.4000', 20, 0),
(10318, 41, '7.7000', 20, 0),
(10318, 76, '14.4000', 6, 0),
(10319, 17, '31.2000', 8, 0),
(10319, 28, '36.4000', 14, 0),
(10319, 76, '14.4000', 30, 0),
(10320, 71, '17.2000', 30, 0),
(10321, 35, '14.4000', 10, 0),
(10322, 52, '5.6000', 20, 0),
(10323, 15, '12.4000', 5, 0),
(10323, 25, '11.2000', 4, 0),
(10323, 39, '14.4000', 4, 0),
(10324, 16, '13.9000', 21, 0.15),
(10324, 35, '14.4000', 70, 0.15),
(10324, 46, '9.6000', 30, 0),
(10324, 59, '44.0000', 40, 0.15),
(10324, 63, '35.1000', 80, 0.15),
(10325, 6, '20.0000', 6, 0),
(10325, 13, '4.8000', 12, 0),
(10325, 14, '18.6000', 9, 0),
(10325, 31, '10.0000', 4, 0),
(10325, 72, '27.8000', 40, 0),
(10326, 4, '17.6000', 24, 0),
(10326, 57, '15.6000', 16, 0),
(10326, 75, '6.2000', 50, 0),
(10327, 2, '15.2000', 25, 0.2),
(10327, 11, '16.8000', 50, 0.2),
(10327, 30, '20.7000', 35, 0.2),
(10327, 58, '10.6000', 30, 0.2),
(10328, 59, '44.0000', 9, 0),
(10328, 65, '16.8000', 40, 0),
(10328, 68, '10.0000', 10, 0),
(10329, 19, '7.3000', 10, 0.05),
(10329, 30, '20.7000', 8, 0.05),
(10329, 38, '210.8000', 20, 0.05),
(10329, 56, '30.4000', 12, 0.05),
(10330, 26, '24.9000', 50, 0.15),
(10330, 72, '27.8000', 25, 0.15),
(10331, 54, '5.9000', 15, 0),
(10332, 18, '50.0000', 40, 0.2),
(10332, 42, '11.2000', 10, 0.2),
(10332, 47, '7.6000', 16, 0.2),
(10333, 14, '18.6000', 10, 0),
(10333, 21, '8.0000', 10, 0.1),
(10333, 71, '17.2000', 40, 0.1),
(10334, 52, '5.6000', 8, 0),
(10334, 68, '10.0000', 10, 0),
(10335, 2, '15.2000', 7, 0.2),
(10335, 31, '10.0000', 25, 0.2),
(10335, 32, '25.6000', 6, 0.2),
(10335, 51, '42.4000', 48, 0.2),
(10336, 4, '17.6000', 18, 0.1),
(10337, 23, '7.2000', 40, 0),
(10337, 26, '24.9000', 24, 0),
(10337, 36, '15.2000', 20, 0),
(10337, 37, '20.8000', 28, 0),
(10337, 72, '27.8000', 25, 0),
(10338, 17, '31.2000', 20, 0),
(10338, 30, '20.7000', 15, 0),
(10339, 4, '17.6000', 10, 0),
(10339, 17, '31.2000', 70, 0.05),
(10339, 62, '39.4000', 28, 0),
(10340, 18, '50.0000', 20, 0.05),
(10340, 41, '7.7000', 12, 0.05),
(10340, 43, '36.8000', 40, 0.05),
(10341, 33, '2.0000', 8, 0),
(10341, 59, '44.0000', 9, 0.15),
(10342, 2, '15.2000', 24, 0.2),
(10342, 31, '10.0000', 56, 0.2),
(10342, 36, '15.2000', 40, 0.2),
(10342, 55, '19.2000', 40, 0.2),
(10343, 64, '26.6000', 50, 0),
(10343, 68, '10.0000', 4, 0.05),
(10343, 76, '14.4000', 15, 0),
(10344, 4, '17.6000', 35, 0),
(10344, 8, '32.0000', 70, 0.25),
(10345, 8, '32.0000', 70, 0),
(10345, 19, '7.3000', 80, 0),
(10345, 42, '11.2000', 9, 0),
(10346, 17, '31.2000', 36, 0.1),
(10346, 56, '30.4000', 20, 0),
(10347, 25, '11.2000', 10, 0),
(10347, 39, '14.4000', 50, 0.15),
(10347, 40, '14.7000', 4, 0),
(10347, 75, '6.2000', 6, 0.15),
(10348, 1, '14.4000', 15, 0.15),
(10348, 23, '7.2000', 25, 0),
(10349, 54, '5.9000', 24, 0),
(10350, 50, '13.0000', 15, 0.1),
(10350, 69, '28.8000', 18, 0.1),
(10351, 38, '210.8000', 20, 0.05),
(10351, 41, '7.7000', 13, 0),
(10351, 44, '15.5000', 77, 0.05),
(10351, 65, '16.8000', 10, 0.05),
(10352, 24, '3.6000', 10, 0),
(10352, 54, '5.9000', 20, 0.15),
(10353, 11, '16.8000', 12, 0.2),
(10353, 38, '210.8000', 50, 0.2),
(10354, 1, '14.4000', 12, 0),
(10354, 29, '99.0000', 4, 0),
(10355, 24, '3.6000', 25, 0),
(10355, 57, '15.6000', 25, 0),
(10356, 31, '10.0000', 30, 0),
(10356, 55, '19.2000', 12, 0),
(10356, 69, '28.8000', 20, 0),
(10357, 10, '24.8000', 30, 0.2),
(10357, 26, '24.9000', 16, 0),
(10357, 60, '27.2000', 8, 0.2),
(10358, 24, '3.6000', 10, 0.05),
(10358, 34, '11.2000', 10, 0.05),
(10358, 36, '15.2000', 20, 0.05),
(10359, 16, '13.9000', 56, 0.05),
(10359, 31, '10.0000', 70, 0.05),
(10359, 60, '27.2000', 80, 0.05),
(10360, 28, '36.4000', 30, 0),
(10360, 29, '99.0000', 35, 0),
(10360, 38, '210.8000', 10, 0),
(10360, 49, '16.0000', 35, 0),
(10360, 54, '5.9000', 28, 0),
(10361, 39, '14.4000', 54, 0.1),
(10361, 60, '27.2000', 55, 0.1),
(10362, 25, '11.2000', 50, 0),
(10362, 51, '42.4000', 20, 0),
(10362, 54, '5.9000', 24, 0),
(10363, 31, '10.0000', 20, 0),
(10363, 75, '6.2000', 12, 0),
(10363, 76, '14.4000', 12, 0),
(10364, 69, '28.8000', 30, 0),
(10364, 71, '17.2000', 5, 0),
(10365, 11, '16.8000', 24, 0),
(10366, 65, '16.8000', 5, 0),
(10366, 77, '10.4000', 5, 0),
(10367, 34, '11.2000', 36, 0),
(10367, 54, '5.9000', 18, 0),
(10367, 65, '16.8000', 15, 0),
(10367, 77, '10.4000', 7, 0),
(10368, 21, '8.0000', 5, 0.1),
(10368, 28, '36.4000', 13, 0.1),
(10368, 57, '15.6000', 25, 0),
(10368, 64, '26.6000', 35, 0.1),
(10369, 29, '99.0000', 20, 0),
(10369, 56, '30.4000', 18, 0.25),
(10370, 1, '14.4000', 15, 0.15),
(10370, 64, '26.6000', 30, 0),
(10370, 74, '8.0000', 20, 0.15),
(10371, 36, '15.2000', 6, 0.2),
(10372, 20, '64.8000', 12, 0.25),
(10372, 38, '210.8000', 40, 0.25),
(10372, 60, '27.2000', 70, 0.25),
(10372, 72, '27.8000', 42, 0.25),
(10373, 58, '10.6000', 80, 0.2),
(10373, 71, '17.2000', 50, 0.2),
(10374, 31, '10.0000', 30, 0),
(10374, 58, '10.6000', 15, 0),
(10375, 14, '18.6000', 15, 0),
(10375, 54, '5.9000', 10, 0),
(10376, 31, '10.0000', 42, 0.05),
(10377, 28, '36.4000', 20, 0.15),
(10377, 39, '14.4000', 20, 0.15),
(10378, 71, '17.2000', 6, 0),
(10379, 41, '7.7000', 8, 0.1),
(10379, 63, '35.1000', 16, 0.1),
(10379, 65, '16.8000', 20, 0.1),
(10380, 30, '20.7000', 18, 0.1),
(10380, 53, '26.2000', 20, 0.1),
(10380, 60, '27.2000', 6, 0.1),
(10380, 70, '12.0000', 30, 0),
(10381, 74, '8.0000', 14, 0),
(10382, 5, '17.0000', 32, 0),
(10382, 18, '50.0000', 9, 0),
(10382, 29, '99.0000', 14, 0),
(10382, 33, '2.0000', 60, 0),
(10382, 74, '8.0000', 50, 0),
(10383, 13, '4.8000', 20, 0),
(10383, 50, '13.0000', 15, 0),
(10383, 56, '30.4000', 20, 0),
(10384, 20, '64.8000', 28, 0),
(10384, 60, '27.2000', 15, 0),
(10385, 7, '24.0000', 10, 0.2),
(10385, 60, '27.2000', 20, 0.2),
(10385, 68, '10.0000', 8, 0.2),
(10386, 24, '3.6000', 15, 0),
(10386, 34, '11.2000', 10, 0),
(10387, 24, '3.6000', 15, 0),
(10387, 28, '36.4000', 6, 0),
(10387, 59, '44.0000', 12, 0),
(10387, 71, '17.2000', 15, 0),
(10388, 45, '7.6000', 15, 0.2),
(10388, 52, '5.6000', 20, 0.2),
(10388, 53, '26.2000', 40, 0),
(10389, 10, '24.8000', 16, 0),
(10389, 55, '19.2000', 15, 0),
(10389, 62, '39.4000', 20, 0),
(10389, 70, '12.0000', 30, 0),
(10390, 31, '10.0000', 60, 0.1),
(10390, 35, '14.4000', 40, 0.1),
(10390, 46, '9.6000', 45, 0),
(10390, 72, '27.8000', 24, 0.1),
(10391, 13, '4.8000', 18, 0),
(10392, 69, '28.8000', 50, 0),
(10393, 2, '15.2000', 25, 0.25),
(10393, 14, '18.6000', 42, 0.25),
(10393, 25, '11.2000', 7, 0.25),
(10393, 26, '24.9000', 70, 0.25),
(10393, 31, '10.0000', 32, 0),
(10394, 13, '4.8000', 10, 0),
(10394, 62, '39.4000', 10, 0),
(10395, 46, '9.6000', 28, 0.1),
(10395, 53, '26.2000', 70, 0.1),
(10395, 69, '28.8000', 8, 0),
(10396, 23, '7.2000', 40, 0),
(10396, 71, '17.2000', 60, 0),
(10396, 72, '27.8000', 21, 0),
(10397, 21, '8.0000', 10, 0.15),
(10397, 51, '42.4000', 18, 0.15),
(10398, 35, '14.4000', 30, 0),
(10398, 55, '19.2000', 120, 0.1),
(10399, 68, '10.0000', 60, 0),
(10399, 71, '17.2000', 30, 0),
(10399, 76, '14.4000', 35, 0),
(10399, 77, '10.4000', 14, 0),
(10400, 29, '99.0000', 21, 0),
(10400, 35, '14.4000', 35, 0),
(10400, 49, '16.0000', 30, 0),
(10401, 30, '20.7000', 18, 0),
(10401, 56, '30.4000', 70, 0),
(10401, 65, '16.8000', 20, 0),
(10401, 71, '17.2000', 60, 0),
(10402, 23, '7.2000', 60, 0),
(10402, 63, '35.1000', 65, 0),
(10403, 16, '13.9000', 21, 0.15),
(10403, 48, '10.2000', 70, 0.15),
(10404, 26, '24.9000', 30, 0.05),
(10404, 42, '11.2000', 40, 0.05),
(10404, 49, '16.0000', 30, 0.05),
(10405, 3, '8.0000', 50, 0),
(10406, 1, '14.4000', 10, 0),
(10406, 21, '8.0000', 30, 0.1),
(10406, 28, '36.4000', 42, 0.1),
(10406, 36, '15.2000', 5, 0.1),
(10406, 40, '14.7000', 2, 0.1),
(10407, 11, '16.8000', 30, 0),
(10407, 69, '28.8000', 15, 0),
(10407, 71, '17.2000', 15, 0),
(10408, 37, '20.8000', 10, 0),
(10408, 54, '5.9000', 6, 0),
(10408, 62, '39.4000', 35, 0),
(10409, 14, '18.6000', 12, 0),
(10409, 21, '8.0000', 12, 0),
(10410, 33, '2.0000', 49, 0),
(10410, 59, '44.0000', 16, 0),
(10411, 41, '7.7000', 25, 0.2),
(10411, 44, '15.5000', 40, 0.2),
(10411, 59, '44.0000', 9, 0.2),
(10412, 14, '18.6000', 20, 0.1),
(10413, 1, '14.4000', 24, 0),
(10413, 62, '39.4000', 40, 0),
(10413, 76, '14.4000', 14, 0),
(10414, 19, '7.3000', 18, 0.05),
(10414, 33, '2.0000', 50, 0),
(10415, 17, '31.2000', 2, 0),
(10415, 33, '2.0000', 20, 0),
(10416, 19, '7.3000', 20, 0),
(10416, 53, '26.2000', 10, 0),
(10416, 57, '15.6000', 20, 0),
(10417, 38, '210.8000', 50, 0),
(10417, 46, '9.6000', 2, 0.25),
(10417, 68, '10.0000', 36, 0.25),
(10417, 77, '10.4000', 35, 0),
(10418, 2, '15.2000', 60, 0),
(10418, 47, '7.6000', 55, 0),
(10418, 61, '22.8000', 16, 0),
(10418, 74, '8.0000', 15, 0),
(10419, 60, '27.2000', 60, 0.05),
(10419, 69, '28.8000', 20, 0.05),
(10420, 9, '77.6000', 20, 0.1),
(10420, 13, '4.8000', 2, 0.1),
(10420, 70, '12.0000', 8, 0.1),
(10420, 73, '12.0000', 20, 0.1),
(10421, 19, '7.3000', 4, 0.15),
(10421, 26, '24.9000', 30, 0),
(10421, 53, '26.2000', 15, 0.15),
(10421, 77, '10.4000', 10, 0.15),
(10422, 26, '24.9000', 2, 0),
(10423, 31, '10.0000', 14, 0),
(10423, 59, '44.0000', 20, 0),
(10424, 35, '14.4000', 60, 0.2),
(10424, 38, '210.8000', 49, 0.2),
(10424, 68, '10.0000', 30, 0.2),
(10425, 55, '19.2000', 10, 0.25),
(10425, 76, '14.4000', 20, 0.25),
(10426, 56, '30.4000', 5, 0),
(10426, 64, '26.6000', 7, 0),
(10427, 14, '18.6000', 35, 0),
(10428, 46, '9.6000', 20, 0),
(10429, 50, '13.0000', 40, 0),
(10429, 63, '35.1000', 35, 0.25),
(10430, 17, '31.2000', 45, 0.2),
(10430, 21, '8.0000', 50, 0),
(10430, 56, '30.4000', 30, 0),
(10430, 59, '44.0000', 70, 0.2),
(10431, 17, '31.2000', 50, 0.25),
(10431, 40, '14.7000', 50, 0.25),
(10431, 47, '7.6000', 30, 0.25),
(10432, 26, '24.9000', 10, 0),
(10432, 54, '5.9000', 40, 0),
(10433, 56, '30.4000', 28, 0),
(10434, 11, '16.8000', 6, 0),
(10434, 76, '14.4000', 18, 0.15),
(10435, 2, '15.2000', 10, 0),
(10435, 22, '16.8000', 12, 0),
(10435, 72, '27.8000', 10, 0),
(10436, 46, '9.6000', 5, 0),
(10436, 56, '30.4000', 40, 0.1),
(10436, 64, '26.6000', 30, 0.1),
(10436, 75, '6.2000', 24, 0.1),
(10437, 53, '26.2000', 15, 0),
(10438, 19, '7.3000', 15, 0.2),
(10438, 34, '11.2000', 20, 0.2),
(10438, 57, '15.6000', 15, 0.2),
(10439, 12, '30.4000', 15, 0),
(10439, 16, '13.9000', 16, 0),
(10439, 64, '26.6000', 6, 0),
(10439, 74, '8.0000', 30, 0),
(10440, 2, '15.2000', 45, 0.15),
(10440, 16, '13.9000', 49, 0.15),
(10440, 29, '99.0000', 24, 0.15),
(10440, 61, '22.8000', 90, 0.15),
(10441, 27, '35.1000', 50, 0),
(10442, 11, '16.8000', 30, 0),
(10442, 54, '5.9000', 80, 0),
(10442, 66, '13.6000', 60, 0),
(10443, 11, '16.8000', 6, 0.2),
(10443, 28, '36.4000', 12, 0),
(10444, 17, '31.2000', 10, 0),
(10444, 26, '24.9000', 15, 0),
(10444, 35, '14.4000', 8, 0),
(10444, 41, '7.7000', 30, 0),
(10445, 39, '14.4000', 6, 0),
(10445, 54, '5.9000', 15, 0),
(10446, 19, '7.3000', 12, 0.1),
(10446, 24, '3.6000', 20, 0.1),
(10446, 31, '10.0000', 3, 0.1),
(10446, 52, '5.6000', 15, 0.1),
(10447, 19, '7.3000', 40, 0),
(10447, 65, '16.8000', 35, 0),
(10447, 71, '17.2000', 2, 0),
(10448, 26, '24.9000', 6, 0),
(10448, 40, '14.7000', 20, 0),
(10449, 10, '24.8000', 14, 0),
(10449, 52, '5.6000', 20, 0),
(10449, 62, '39.4000', 35, 0),
(10450, 10, '24.8000', 20, 0.2),
(10450, 54, '5.9000', 6, 0.2),
(10451, 55, '19.2000', 120, 0.1),
(10451, 64, '26.6000', 35, 0.1),
(10451, 65, '16.8000', 28, 0.1),
(10451, 77, '10.4000', 55, 0.1),
(10452, 28, '36.4000', 15, 0),
(10452, 44, '15.5000', 100, 0.05),
(10453, 48, '10.2000', 15, 0.1),
(10453, 70, '12.0000', 25, 0.1),
(10454, 16, '13.9000', 20, 0.2),
(10454, 33, '2.0000', 20, 0.2),
(10454, 46, '9.6000', 10, 0.2),
(10455, 39, '14.4000', 20, 0),
(10455, 53, '26.2000', 50, 0),
(10455, 61, '22.8000', 25, 0),
(10455, 71, '17.2000', 30, 0),
(10456, 21, '8.0000', 40, 0.15),
(10456, 49, '16.0000', 21, 0.15),
(10457, 59, '44.0000', 36, 0),
(10458, 26, '24.9000', 30, 0),
(10458, 28, '36.4000', 30, 0),
(10458, 43, '36.8000', 20, 0),
(10458, 56, '30.4000', 15, 0),
(10458, 71, '17.2000', 50, 0),
(10459, 7, '24.0000', 16, 0.05),
(10459, 46, '9.6000', 20, 0.05),
(10459, 72, '27.8000', 40, 0),
(10460, 68, '10.0000', 21, 0.25),
(10460, 75, '6.2000', 4, 0.25),
(10461, 21, '8.0000', 40, 0.25),
(10461, 30, '20.7000', 28, 0.25),
(10461, 55, '19.2000', 60, 0.25),
(10462, 13, '4.8000', 1, 0),
(10462, 23, '7.2000', 21, 0),
(10463, 19, '7.3000', 21, 0),
(10463, 42, '11.2000', 50, 0),
(10464, 4, '17.6000', 16, 0.2),
(10464, 43, '36.8000', 3, 0),
(10464, 56, '30.4000', 30, 0.2),
(10464, 60, '27.2000', 20, 0),
(10465, 24, '3.6000', 25, 0),
(10465, 29, '99.0000', 18, 0.1),
(10465, 40, '14.7000', 20, 0),
(10465, 45, '7.6000', 30, 0.1),
(10465, 50, '13.0000', 25, 0),
(10466, 11, '16.8000', 10, 0),
(10466, 46, '9.6000', 5, 0),
(10467, 24, '3.6000', 28, 0),
(10467, 25, '11.2000', 12, 0),
(10468, 30, '20.7000', 8, 0),
(10468, 43, '36.8000', 15, 0),
(10469, 2, '15.2000', 40, 0.15),
(10469, 16, '13.9000', 35, 0.15),
(10469, 44, '15.5000', 2, 0.15),
(10470, 18, '50.0000', 30, 0),
(10470, 23, '7.2000', 15, 0),
(10470, 64, '26.6000', 8, 0),
(10471, 7, '24.0000', 30, 0),
(10471, 56, '30.4000', 20, 0),
(10472, 24, '3.6000', 80, 0.05),
(10472, 51, '42.4000', 18, 0),
(10473, 33, '2.0000', 12, 0),
(10473, 71, '17.2000', 12, 0),
(10474, 14, '18.6000', 12, 0),
(10474, 28, '36.4000', 18, 0),
(10474, 40, '14.7000', 21, 0),
(10474, 75, '6.2000', 10, 0),
(10475, 31, '10.0000', 35, 0.15),
(10475, 66, '13.6000', 60, 0.15),
(10475, 76, '14.4000', 42, 0.15),
(10476, 55, '19.2000', 2, 0.05),
(10476, 70, '12.0000', 12, 0),
(10477, 1, '14.4000', 15, 0),
(10477, 21, '8.0000', 21, 0.25),
(10477, 39, '14.4000', 20, 0.25),
(10478, 10, '24.8000', 20, 0.05),
(10479, 38, '210.8000', 30, 0),
(10479, 53, '26.2000', 28, 0),
(10479, 59, '44.0000', 60, 0),
(10479, 64, '26.6000', 30, 0),
(10480, 47, '7.6000', 30, 0),
(10480, 59, '44.0000', 12, 0),
(10481, 49, '16.0000', 24, 0),
(10481, 60, '27.2000', 40, 0),
(10482, 40, '14.7000', 10, 0),
(10483, 34, '11.2000', 35, 0.05),
(10483, 77, '10.4000', 30, 0.05),
(10484, 21, '8.0000', 14, 0),
(10484, 40, '14.7000', 10, 0),
(10484, 51, '42.4000', 3, 0),
(10485, 2, '15.2000', 20, 0.1),
(10485, 3, '8.0000', 20, 0.1),
(10485, 55, '19.2000', 30, 0.1),
(10485, 70, '12.0000', 60, 0.1),
(10486, 11, '16.8000', 5, 0),
(10486, 51, '42.4000', 25, 0),
(10486, 74, '8.0000', 16, 0),
(10487, 19, '7.3000', 5, 0),
(10487, 26, '24.9000', 30, 0),
(10487, 54, '5.9000', 24, 0.25),
(10488, 59, '44.0000', 30, 0),
(10488, 73, '12.0000', 20, 0.2),
(10489, 11, '16.8000', 15, 0.25),
(10489, 16, '13.9000', 18, 0),
(10490, 59, '44.0000', 60, 0),
(10490, 68, '10.0000', 30, 0),
(10490, 75, '6.2000', 36, 0),
(10491, 44, '15.5000', 15, 0.15),
(10491, 77, '10.4000', 7, 0.15),
(10492, 25, '11.2000', 60, 0.05),
(10492, 42, '11.2000', 20, 0.05),
(10493, 65, '16.8000', 15, 0.1),
(10493, 66, '13.6000', 10, 0.1),
(10493, 69, '28.8000', 10, 0.1),
(10494, 56, '30.4000', 30, 0),
(10495, 23, '7.2000', 10, 0),
(10495, 41, '7.7000', 20, 0),
(10495, 77, '10.4000', 5, 0),
(10496, 31, '10.0000', 20, 0.05),
(10497, 56, '30.4000', 14, 0),
(10497, 72, '27.8000', 25, 0),
(10497, 77, '10.4000', 25, 0),
(10498, 24, '4.5000', 14, 0),
(10498, 40, '18.4000', 5, 0),
(10498, 42, '14.0000', 30, 0),
(10499, 28, '45.6000', 20, 0),
(10499, 49, '20.0000', 25, 0),
(10500, 15, '15.5000', 12, 0.05),
(10500, 28, '45.6000', 8, 0.05),
(10501, 54, '7.4500', 20, 0),
(10502, 45, '9.5000', 21, 0),
(10502, 53, '32.8000', 6, 0),
(10502, 67, '14.0000', 30, 0),
(10503, 14, '23.2500', 70, 0),
(10503, 65, '21.0500', 20, 0),
(10504, 2, '19.0000', 12, 0),
(10504, 21, '10.0000', 12, 0),
(10504, 53, '32.8000', 10, 0),
(10504, 61, '28.5000', 25, 0),
(10505, 62, '49.3000', 3, 0),
(10506, 25, '14.0000', 18, 0.1),
(10506, 70, '15.0000', 14, 0.1),
(10507, 43, '46.0000', 15, 0.15),
(10507, 48, '12.7500', 15, 0.15),
(10508, 13, '6.0000', 10, 0),
(10508, 39, '18.0000', 10, 0),
(10509, 28, '45.6000', 3, 0),
(10510, 29, '123.7900', 36, 0),
(10510, 75, '7.7500', 36, 0.1),
(10511, 4, '22.0000', 50, 0.15),
(10511, 7, '30.0000', 50, 0.15),
(10511, 8, '40.0000', 10, 0.15),
(10512, 24, '4.5000', 10, 0.15),
(10512, 46, '12.0000', 9, 0.15),
(10512, 47, '9.5000', 6, 0.15),
(10512, 60, '34.0000', 12, 0.15),
(10513, 21, '10.0000', 40, 0.2),
(10513, 32, '32.0000', 50, 0.2),
(10513, 61, '28.5000', 15, 0.2),
(10514, 20, '81.0000', 39, 0),
(10514, 28, '45.6000', 35, 0),
(10514, 56, '38.0000', 70, 0),
(10514, 65, '21.0500', 39, 0),
(10514, 75, '7.7500', 50, 0),
(10515, 9, '97.0000', 16, 0.15),
(10515, 16, '17.4500', 50, 0),
(10515, 27, '43.9000', 120, 0),
(10515, 33, '2.5000', 16, 0.15),
(10515, 60, '34.0000', 84, 0.15),
(10516, 18, '62.5000', 25, 0.1),
(10516, 41, '9.6500', 80, 0.1),
(10516, 42, '14.0000', 20, 0),
(10517, 52, '7.0000', 6, 0),
(10517, 59, '55.0000', 4, 0),
(10517, 70, '15.0000', 6, 0),
(10518, 24, '4.5000', 5, 0),
(10518, 38, '263.5000', 15, 0),
(10518, 44, '19.4500', 9, 0),
(10519, 10, '31.0000', 16, 0.05),
(10519, 56, '38.0000', 40, 0),
(10519, 60, '34.0000', 10, 0.05),
(10520, 24, '4.5000', 8, 0),
(10520, 53, '32.8000', 5, 0),
(10521, 35, '18.0000', 3, 0),
(10521, 41, '9.6500', 10, 0),
(10521, 68, '12.5000', 6, 0),
(10522, 1, '18.0000', 40, 0.2),
(10522, 8, '40.0000', 24, 0),
(10522, 30, '25.8900', 20, 0.2),
(10522, 40, '18.4000', 25, 0.2),
(10523, 17, '39.0000', 25, 0.1),
(10523, 20, '81.0000', 15, 0.1),
(10523, 37, '26.0000', 18, 0.1),
(10523, 41, '9.6500', 6, 0.1),
(10524, 10, '31.0000', 2, 0),
(10524, 30, '25.8900', 10, 0),
(10524, 43, '46.0000', 60, 0),
(10524, 54, '7.4500', 15, 0),
(10525, 36, '19.0000', 30, 0),
(10525, 40, '18.4000', 15, 0.1),
(10526, 1, '18.0000', 8, 0.15),
(10526, 13, '6.0000', 10, 0),
(10526, 56, '38.0000', 30, 0.15),
(10527, 4, '22.0000', 50, 0.1),
(10527, 36, '19.0000', 30, 0.1),
(10528, 11, '21.0000', 3, 0),
(10528, 33, '2.5000', 8, 0.2),
(10528, 72, '34.8000', 9, 0),
(10529, 55, '24.0000', 14, 0),
(10529, 68, '12.5000', 20, 0),
(10529, 69, '36.0000', 10, 0),
(10530, 17, '39.0000', 40, 0),
(10530, 43, '46.0000', 25, 0),
(10530, 61, '28.5000', 20, 0),
(10530, 76, '18.0000', 50, 0),
(10531, 59, '55.0000', 2, 0),
(10532, 30, '25.8900', 15, 0),
(10532, 66, '17.0000', 24, 0),
(10533, 4, '22.0000', 50, 0.05),
(10533, 72, '34.8000', 24, 0),
(10533, 73, '15.0000', 24, 0.05),
(10534, 30, '25.8900', 10, 0),
(10534, 40, '18.4000', 10, 0.2),
(10534, 54, '7.4500', 10, 0.2),
(10535, 11, '21.0000', 50, 0.1),
(10535, 40, '18.4000', 10, 0.1),
(10535, 57, '19.5000', 5, 0.1),
(10535, 59, '55.0000', 15, 0.1),
(10536, 12, '38.0000', 15, 0.25),
(10536, 31, '12.5000', 20, 0),
(10536, 33, '2.5000', 30, 0),
(10536, 60, '34.0000', 35, 0.25),
(10537, 31, '12.5000', 30, 0),
(10537, 51, '53.0000', 6, 0),
(10537, 58, '13.2500', 20, 0),
(10537, 72, '34.8000', 21, 0),
(10537, 73, '15.0000', 9, 0),
(10538, 70, '15.0000', 7, 0),
(10538, 72, '34.8000', 1, 0),
(10539, 13, '6.0000', 8, 0),
(10539, 21, '10.0000', 15, 0),
(10539, 33, '2.5000', 15, 0),
(10539, 49, '20.0000', 6, 0),
(10540, 3, '10.0000', 60, 0),
(10540, 26, '31.2300', 40, 0),
(10540, 38, '263.5000', 30, 0),
(10540, 68, '12.5000', 35, 0),
(10541, 24, '4.5000', 35, 0.1),
(10541, 38, '263.5000', 4, 0.1),
(10541, 65, '21.0500', 36, 0.1),
(10541, 71, '21.5000', 9, 0.1),
(10542, 11, '21.0000', 15, 0.05),
(10542, 54, '7.4500', 24, 0.05),
(10543, 12, '38.0000', 30, 0.15),
(10543, 23, '9.0000', 70, 0.15),
(10544, 28, '45.6000', 7, 0),
(10544, 67, '14.0000', 7, 0),
(10545, 11, '21.0000', 10, 0),
(10546, 7, '30.0000', 10, 0),
(10546, 35, '18.0000', 30, 0),
(10546, 62, '49.3000', 40, 0),
(10547, 32, '32.0000', 24, 0.15),
(10547, 36, '19.0000', 60, 0),
(10548, 34, '14.0000', 10, 0.25),
(10548, 41, '9.6500', 14, 0),
(10549, 31, '12.5000', 55, 0.15),
(10549, 45, '9.5000', 100, 0.15),
(10549, 51, '53.0000', 48, 0.15),
(10550, 17, '39.0000', 8, 0.1),
(10550, 19, '9.2000', 10, 0),
(10550, 21, '10.0000', 6, 0.1),
(10550, 61, '28.5000', 10, 0.1),
(10551, 16, '17.4500', 40, 0.15),
(10551, 35, '18.0000', 20, 0.15),
(10551, 44, '19.4500', 40, 0),
(10552, 69, '36.0000', 18, 0),
(10552, 75, '7.7500', 30, 0),
(10553, 11, '21.0000', 15, 0),
(10553, 16, '17.4500', 14, 0),
(10553, 22, '21.0000', 24, 0),
(10553, 31, '12.5000', 30, 0),
(10553, 35, '18.0000', 6, 0),
(10554, 16, '17.4500', 30, 0.05),
(10554, 23, '9.0000', 20, 0.05),
(10554, 62, '49.3000', 20, 0.05),
(10554, 77, '13.0000', 10, 0.05),
(10555, 14, '23.2500', 30, 0.2),
(10555, 19, '9.2000', 35, 0.2),
(10555, 24, '4.5000', 18, 0.2),
(10555, 51, '53.0000', 20, 0.2),
(10555, 56, '38.0000', 40, 0.2),
(10556, 72, '34.8000', 24, 0),
(10557, 64, '33.2500', 30, 0),
(10557, 75, '7.7500', 20, 0),
(10558, 47, '9.5000', 25, 0),
(10558, 51, '53.0000', 20, 0),
(10558, 52, '7.0000', 30, 0),
(10558, 53, '32.8000', 18, 0),
(10558, 73, '15.0000', 3, 0),
(10559, 41, '9.6500', 12, 0.05),
(10559, 55, '24.0000', 18, 0.05),
(10560, 30, '25.8900', 20, 0),
(10560, 62, '49.3000', 15, 0.25),
(10561, 44, '19.4500', 10, 0),
(10561, 51, '53.0000', 50, 0),
(10562, 33, '2.5000', 20, 0.1),
(10562, 62, '49.3000', 10, 0.1),
(10563, 36, '19.0000', 25, 0),
(10563, 52, '7.0000', 70, 0),
(10564, 17, '39.0000', 16, 0.05),
(10564, 31, '12.5000', 6, 0.05),
(10564, 55, '24.0000', 25, 0.05),
(10565, 24, '4.5000', 25, 0.1),
(10565, 64, '33.2500', 18, 0.1),
(10566, 11, '21.0000', 35, 0.15),
(10566, 18, '62.5000', 18, 0.15),
(10566, 76, '18.0000', 10, 0),
(10567, 31, '12.5000', 60, 0.2),
(10567, 51, '53.0000', 3, 0),
(10567, 59, '55.0000', 40, 0.2),
(10568, 10, '31.0000', 5, 0),
(10569, 31, '12.5000', 35, 0.2),
(10569, 76, '18.0000', 30, 0),
(10570, 11, '21.0000', 15, 0.05),
(10570, 56, '38.0000', 60, 0.05),
(10571, 14, '23.2500', 11, 0.15),
(10571, 42, '14.0000', 28, 0.15),
(10572, 16, '17.4500', 12, 0.1),
(10572, 32, '32.0000', 10, 0.1),
(10572, 40, '18.4000', 50, 0),
(10572, 75, '7.7500', 15, 0.1),
(10573, 17, '39.0000', 18, 0),
(10573, 34, '14.0000', 40, 0),
(10573, 53, '32.8000', 25, 0),
(10574, 33, '2.5000', 14, 0),
(10574, 40, '18.4000', 2, 0),
(10574, 62, '49.3000', 10, 0),
(10574, 64, '33.2500', 6, 0),
(10575, 59, '55.0000', 12, 0),
(10575, 63, '43.9000', 6, 0),
(10575, 72, '34.8000', 30, 0),
(10575, 76, '18.0000', 10, 0),
(10576, 1, '18.0000', 10, 0),
(10576, 31, '12.5000', 20, 0),
(10576, 44, '19.4500', 21, 0),
(10577, 39, '18.0000', 10, 0),
(10577, 75, '7.7500', 20, 0),
(10577, 77, '13.0000', 18, 0),
(10578, 35, '18.0000', 20, 0),
(10578, 57, '19.5000', 6, 0),
(10579, 15, '15.5000', 10, 0),
(10579, 75, '7.7500', 21, 0),
(10580, 14, '23.2500', 15, 0.05),
(10580, 41, '9.6500', 9, 0.05),
(10580, 65, '21.0500', 30, 0.05),
(10581, 75, '7.7500', 50, 0.2),
(10582, 57, '19.5000', 4, 0),
(10582, 76, '18.0000', 14, 0),
(10583, 29, '123.7900', 10, 0),
(10583, 60, '34.0000', 24, 0.15),
(10583, 69, '36.0000', 10, 0.15),
(10584, 31, '12.5000', 50, 0.05),
(10585, 47, '9.5000', 15, 0),
(10586, 52, '7.0000', 4, 0.15),
(10587, 26, '31.2300', 6, 0),
(10587, 35, '18.0000', 20, 0),
(10587, 77, '13.0000', 20, 0),
(10588, 18, '62.5000', 40, 0.2),
(10588, 42, '14.0000', 100, 0.2),
(10589, 35, '18.0000', 4, 0),
(10590, 1, '18.0000', 20, 0),
(10590, 77, '13.0000', 60, 0.05),
(10591, 3, '10.0000', 14, 0),
(10591, 7, '30.0000', 10, 0),
(10591, 54, '7.4500', 50, 0),
(10592, 15, '15.5000', 25, 0.05),
(10592, 26, '31.2300', 5, 0.05),
(10593, 20, '81.0000', 21, 0.2),
(10593, 69, '36.0000', 20, 0.2),
(10593, 76, '18.0000', 4, 0.2),
(10594, 52, '7.0000', 24, 0),
(10594, 58, '13.2500', 30, 0),
(10595, 35, '18.0000', 30, 0.25),
(10595, 61, '28.5000', 120, 0.25),
(10595, 69, '36.0000', 65, 0.25),
(10596, 56, '38.0000', 5, 0.2),
(10596, 63, '43.9000', 24, 0.2),
(10596, 75, '7.7500', 30, 0.2),
(10597, 24, '4.5000', 35, 0.2),
(10597, 57, '19.5000', 20, 0),
(10597, 65, '21.0500', 12, 0.2),
(10598, 27, '43.9000', 50, 0),
(10598, 71, '21.5000', 9, 0),
(10599, 62, '49.3000', 10, 0),
(10600, 54, '7.4500', 4, 0),
(10600, 73, '15.0000', 30, 0),
(10601, 13, '6.0000', 60, 0),
(10601, 59, '55.0000', 35, 0),
(10602, 77, '13.0000', 5, 0.25),
(10603, 22, '21.0000', 48, 0),
(10603, 49, '20.0000', 25, 0.05),
(10604, 48, '12.7500', 6, 0.1),
(10604, 76, '18.0000', 10, 0.1),
(10605, 16, '17.4500', 30, 0.05),
(10605, 59, '55.0000', 20, 0.05),
(10605, 60, '34.0000', 70, 0.05),
(10605, 71, '21.5000', 15, 0.05),
(10606, 4, '22.0000', 20, 0.2),
(10606, 55, '24.0000', 20, 0.2),
(10606, 62, '49.3000', 10, 0.2),
(10607, 7, '30.0000', 45, 0),
(10607, 17, '39.0000', 100, 0),
(10607, 33, '2.5000', 14, 0),
(10607, 40, '18.4000', 42, 0),
(10607, 72, '34.8000', 12, 0),
(10608, 56, '38.0000', 28, 0),
(10609, 1, '18.0000', 3, 0),
(10609, 10, '31.0000', 10, 0),
(10609, 21, '10.0000', 6, 0),
(10610, 36, '19.0000', 21, 0.25),
(10611, 1, '18.0000', 6, 0),
(10611, 2, '19.0000', 10, 0),
(10611, 60, '34.0000', 15, 0),
(10612, 10, '31.0000', 70, 0),
(10612, 36, '19.0000', 55, 0),
(10612, 49, '20.0000', 18, 0),
(10612, 60, '34.0000', 40, 0),
(10612, 76, '18.0000', 80, 0),
(10613, 13, '6.0000', 8, 0.1),
(10613, 75, '7.7500', 40, 0),
(10614, 11, '21.0000', 14, 0),
(10614, 21, '10.0000', 8, 0),
(10614, 39, '18.0000', 5, 0),
(10615, 55, '24.0000', 5, 0),
(10616, 38, '263.5000', 15, 0.05),
(10616, 56, '38.0000', 14, 0),
(10616, 70, '15.0000', 15, 0.05),
(10616, 71, '21.5000', 15, 0.05),
(10617, 59, '55.0000', 30, 0.15),
(10618, 6, '25.0000', 70, 0),
(10618, 56, '38.0000', 20, 0),
(10618, 68, '12.5000', 15, 0),
(10619, 21, '10.0000', 42, 0),
(10619, 22, '21.0000', 40, 0),
(10620, 24, '4.5000', 5, 0),
(10620, 52, '7.0000', 5, 0),
(10621, 19, '9.2000', 5, 0),
(10621, 23, '9.0000', 10, 0),
(10621, 70, '15.0000', 20, 0),
(10621, 71, '21.5000', 15, 0),
(10622, 2, '19.0000', 20, 0),
(10622, 68, '12.5000', 18, 0.2),
(10623, 14, '23.2500', 21, 0),
(10623, 19, '9.2000', 15, 0.1),
(10623, 21, '10.0000', 25, 0.1),
(10623, 24, '4.5000', 3, 0),
(10623, 35, '18.0000', 30, 0.1),
(10624, 28, '45.6000', 10, 0),
(10624, 29, '123.7900', 6, 0),
(10624, 44, '19.4500', 10, 0),
(10625, 14, '23.2500', 3, 0),
(10625, 42, '14.0000', 5, 0),
(10625, 60, '34.0000', 10, 0),
(10626, 53, '32.8000', 12, 0),
(10626, 60, '34.0000', 20, 0),
(10626, 71, '21.5000', 20, 0),
(10627, 62, '49.3000', 15, 0),
(10627, 73, '15.0000', 35, 0.15),
(10628, 1, '18.0000', 25, 0),
(10629, 29, '123.7900', 20, 0),
(10629, 64, '33.2500', 9, 0),
(10630, 55, '24.0000', 12, 0.05),
(10630, 76, '18.0000', 35, 0),
(10631, 75, '7.7500', 8, 0.1),
(10632, 2, '19.0000', 30, 0.05),
(10632, 33, '2.5000', 20, 0.05),
(10633, 12, '38.0000', 36, 0.15),
(10633, 13, '6.0000', 13, 0.15),
(10633, 26, '31.2300', 35, 0.15),
(10633, 62, '49.3000', 80, 0.15),
(10634, 7, '30.0000', 35, 0),
(10634, 18, '62.5000', 50, 0),
(10634, 51, '53.0000', 15, 0),
(10634, 75, '7.7500', 2, 0),
(10635, 4, '22.0000', 10, 0.1),
(10635, 5, '21.3500', 15, 0.1),
(10635, 22, '21.0000', 40, 0),
(10636, 4, '22.0000', 25, 0),
(10636, 58, '13.2500', 6, 0),
(10637, 11, '21.0000', 10, 0),
(10637, 50, '16.2500', 25, 0.05),
(10637, 56, '38.0000', 60, 0.05),
(10638, 45, '9.5000', 20, 0),
(10638, 65, '21.0500', 21, 0),
(10638, 72, '34.8000', 60, 0),
(10639, 18, '62.5000', 8, 0),
(10640, 69, '36.0000', 20, 0.25),
(10640, 70, '15.0000', 15, 0.25),
(10641, 2, '19.0000', 50, 0),
(10641, 40, '18.4000', 60, 0),
(10642, 21, '10.0000', 30, 0.2),
(10642, 61, '28.5000', 20, 0.2),
(10643, 28, '45.6000', 15, 0.25),
(10643, 39, '18.0000', 21, 0.25),
(10643, 46, '12.0000', 2, 0.25),
(10644, 18, '62.5000', 4, 0.1),
(10644, 43, '46.0000', 20, 0),
(10644, 46, '12.0000', 21, 0.1),
(10645, 18, '62.5000', 20, 0),
(10645, 36, '19.0000', 15, 0),
(10646, 1, '18.0000', 15, 0.25),
(10646, 10, '31.0000', 18, 0.25),
(10646, 71, '21.5000', 30, 0.25),
(10646, 77, '13.0000', 35, 0.25),
(10647, 19, '9.2000', 30, 0),
(10647, 39, '18.0000', 20, 0),
(10648, 22, '21.0000', 15, 0),
(10648, 24, '4.5000', 15, 0.15),
(10649, 28, '45.6000', 20, 0),
(10649, 72, '34.8000', 15, 0),
(10650, 30, '25.8900', 30, 0),
(10650, 53, '32.8000', 25, 0.05),
(10650, 54, '7.4500', 30, 0),
(10651, 19, '9.2000', 12, 0.25),
(10651, 22, '21.0000', 20, 0.25),
(10652, 30, '25.8900', 2, 0.25),
(10652, 42, '14.0000', 20, 0),
(10653, 16, '17.4500', 30, 0.1),
(10653, 60, '34.0000', 20, 0.1),
(10654, 4, '22.0000', 12, 0.1),
(10654, 39, '18.0000', 20, 0.1),
(10654, 54, '7.4500', 6, 0.1),
(10655, 41, '9.6500', 20, 0.2),
(10656, 14, '23.2500', 3, 0.1),
(10656, 44, '19.4500', 28, 0.1),
(10656, 47, '9.5000', 6, 0.1),
(10657, 15, '15.5000', 50, 0),
(10657, 41, '9.6500', 24, 0),
(10657, 46, '12.0000', 45, 0),
(10657, 47, '9.5000', 10, 0),
(10657, 56, '38.0000', 45, 0),
(10657, 60, '34.0000', 30, 0),
(10658, 21, '10.0000', 60, 0),
(10658, 40, '18.4000', 70, 0.05),
(10658, 60, '34.0000', 55, 0.05),
(10658, 77, '13.0000', 70, 0.05),
(10659, 31, '12.5000', 20, 0.05),
(10659, 40, '18.4000', 24, 0.05),
(10659, 70, '15.0000', 40, 0.05),
(10660, 20, '81.0000', 21, 0),
(10661, 39, '18.0000', 3, 0.2),
(10661, 58, '13.2500', 49, 0.2),
(10662, 68, '12.5000', 10, 0),
(10663, 40, '18.4000', 30, 0.05),
(10663, 42, '14.0000', 30, 0.05),
(10663, 51, '53.0000', 20, 0.05),
(10664, 10, '31.0000', 24, 0.15),
(10664, 56, '38.0000', 12, 0.15),
(10664, 65, '21.0500', 15, 0.15),
(10665, 51, '53.0000', 20, 0),
(10665, 59, '55.0000', 1, 0),
(10665, 76, '18.0000', 10, 0),
(10666, 29, '123.7900', 36, 0),
(10666, 65, '21.0500', 10, 0),
(10667, 69, '36.0000', 45, 0.2),
(10667, 71, '21.5000', 14, 0.2),
(10668, 31, '12.5000', 8, 0.1),
(10668, 55, '24.0000', 4, 0.1),
(10668, 64, '33.2500', 15, 0.1),
(10669, 36, '19.0000', 30, 0),
(10670, 23, '9.0000', 32, 0),
(10670, 46, '12.0000', 60, 0),
(10670, 67, '14.0000', 25, 0),
(10670, 73, '15.0000', 50, 0),
(10670, 75, '7.7500', 25, 0),
(10671, 16, '17.4500', 10, 0),
(10671, 62, '49.3000', 10, 0),
(10671, 65, '21.0500', 12, 0),
(10672, 38, '263.5000', 15, 0.1),
(10672, 71, '21.5000', 12, 0),
(10673, 16, '17.4500', 3, 0),
(10673, 42, '14.0000', 6, 0),
(10673, 43, '46.0000', 6, 0),
(10674, 23, '9.0000', 5, 0),
(10675, 14, '23.2500', 30, 0),
(10675, 53, '32.8000', 10, 0),
(10675, 58, '13.2500', 30, 0),
(10676, 10, '31.0000', 2, 0),
(10676, 19, '9.2000', 7, 0),
(10676, 44, '19.4500', 21, 0),
(10677, 26, '31.2300', 30, 0.15),
(10677, 33, '2.5000', 8, 0.15),
(10678, 12, '38.0000', 100, 0),
(10678, 33, '2.5000', 30, 0),
(10678, 41, '9.6500', 120, 0),
(10678, 54, '7.4500', 30, 0),
(10679, 59, '55.0000', 12, 0),
(10680, 16, '17.4500', 50, 0.25),
(10680, 31, '12.5000', 20, 0.25),
(10680, 42, '14.0000', 40, 0.25),
(10681, 19, '9.2000', 30, 0.1),
(10681, 21, '10.0000', 12, 0.1),
(10681, 64, '33.2500', 28, 0),
(10682, 33, '2.5000', 30, 0),
(10682, 66, '17.0000', 4, 0),
(10682, 75, '7.7500', 30, 0),
(10683, 52, '7.0000', 9, 0),
(10684, 40, '18.4000', 20, 0),
(10684, 47, '9.5000', 40, 0),
(10684, 60, '34.0000', 30, 0),
(10685, 10, '31.0000', 20, 0),
(10685, 41, '9.6500', 4, 0),
(10685, 47, '9.5000', 15, 0),
(10686, 17, '39.0000', 30, 0.2),
(10686, 26, '31.2300', 15, 0),
(10687, 9, '97.0000', 50, 0.25),
(10687, 29, '123.7900', 10, 0),
(10687, 36, '19.0000', 6, 0.25),
(10688, 10, '31.0000', 18, 0.1),
(10688, 28, '45.6000', 60, 0.1),
(10688, 34, '14.0000', 14, 0),
(10689, 1, '18.0000', 35, 0.25),
(10690, 56, '38.0000', 20, 0.25),
(10690, 77, '13.0000', 30, 0.25),
(10691, 1, '18.0000', 30, 0),
(10691, 29, '123.7900', 40, 0),
(10691, 43, '46.0000', 40, 0),
(10691, 44, '19.4500', 24, 0),
(10691, 62, '49.3000', 48, 0),
(10692, 63, '43.9000', 20, 0),
(10693, 9, '97.0000', 6, 0),
(10693, 54, '7.4500', 60, 0.15),
(10693, 69, '36.0000', 30, 0.15),
(10693, 73, '15.0000', 15, 0.15),
(10694, 7, '30.0000', 90, 0),
(10694, 59, '55.0000', 25, 0),
(10694, 70, '15.0000', 50, 0),
(10695, 8, '40.0000', 10, 0),
(10695, 12, '38.0000', 4, 0),
(10695, 24, '4.5000', 20, 0),
(10696, 17, '39.0000', 20, 0),
(10696, 46, '12.0000', 18, 0),
(10697, 19, '9.2000', 7, 0.25),
(10697, 35, '18.0000', 9, 0.25),
(10697, 58, '13.2500', 30, 0.25),
(10697, 70, '15.0000', 30, 0.25),
(10698, 11, '21.0000', 15, 0),
(10698, 17, '39.0000', 8, 0.05),
(10698, 29, '123.7900', 12, 0.05),
(10698, 65, '21.0500', 65, 0.05),
(10698, 70, '15.0000', 8, 0.05),
(10699, 47, '9.5000', 12, 0),
(10700, 1, '18.0000', 5, 0.2),
(10700, 34, '14.0000', 12, 0.2),
(10700, 68, '12.5000', 40, 0.2),
(10700, 71, '21.5000', 60, 0.2),
(10701, 59, '55.0000', 42, 0.15),
(10701, 71, '21.5000', 20, 0.15),
(10701, 76, '18.0000', 35, 0.15),
(10702, 3, '10.0000', 6, 0),
(10702, 76, '18.0000', 15, 0),
(10703, 2, '19.0000', 5, 0),
(10703, 59, '55.0000', 35, 0),
(10703, 73, '15.0000', 35, 0),
(10704, 4, '22.0000', 6, 0),
(10704, 24, '4.5000', 35, 0),
(10704, 48, '12.7500', 24, 0),
(10705, 31, '12.5000', 20, 0),
(10705, 32, '32.0000', 4, 0),
(10706, 16, '17.4500', 20, 0),
(10706, 43, '46.0000', 24, 0),
(10706, 59, '55.0000', 8, 0),
(10707, 55, '24.0000', 21, 0),
(10707, 57, '19.5000', 40, 0),
(10707, 70, '15.0000', 28, 0.15),
(10708, 5, '21.3500', 4, 0),
(10708, 36, '19.0000', 5, 0),
(10709, 8, '40.0000', 40, 0),
(10709, 51, '53.0000', 28, 0),
(10709, 60, '34.0000', 10, 0),
(10710, 19, '9.2000', 5, 0),
(10710, 47, '9.5000', 5, 0),
(10711, 19, '9.2000', 12, 0),
(10711, 41, '9.6500', 42, 0),
(10711, 53, '32.8000', 120, 0),
(10712, 53, '32.8000', 3, 0.05),
(10712, 56, '38.0000', 30, 0),
(10713, 10, '31.0000', 18, 0),
(10713, 26, '31.2300', 30, 0),
(10713, 45, '9.5000', 110, 0),
(10713, 46, '12.0000', 24, 0),
(10714, 2, '19.0000', 30, 0.25),
(10714, 17, '39.0000', 27, 0.25),
(10714, 47, '9.5000', 50, 0.25),
(10714, 56, '38.0000', 18, 0.25),
(10714, 58, '13.2500', 12, 0.25),
(10715, 10, '31.0000', 21, 0),
(10715, 71, '21.5000', 30, 0),
(10716, 21, '10.0000', 5, 0),
(10716, 51, '53.0000', 7, 0),
(10716, 61, '28.5000', 10, 0),
(10717, 21, '10.0000', 32, 0.05),
(10717, 54, '7.4500', 15, 0),
(10717, 69, '36.0000', 25, 0.05),
(10718, 12, '38.0000', 36, 0),
(10718, 16, '17.4500', 20, 0),
(10718, 36, '19.0000', 40, 0),
(10718, 62, '49.3000', 20, 0),
(10719, 18, '62.5000', 12, 0.25),
(10719, 30, '25.8900', 3, 0.25),
(10719, 54, '7.4500', 40, 0.25),
(10720, 35, '18.0000', 21, 0),
(10720, 71, '21.5000', 8, 0),
(10721, 44, '19.4500', 50, 0.05),
(10722, 2, '19.0000', 3, 0),
(10722, 31, '12.5000', 50, 0),
(10722, 68, '12.5000', 45, 0),
(10722, 75, '7.7500', 42, 0),
(10723, 26, '31.2300', 15, 0),
(10724, 10, '31.0000', 16, 0),
(10724, 61, '28.5000', 5, 0),
(10725, 41, '9.6500', 12, 0),
(10725, 52, '7.0000', 4, 0),
(10725, 55, '24.0000', 6, 0),
(10726, 4, '22.0000', 25, 0),
(10726, 11, '21.0000', 5, 0),
(10727, 17, '39.0000', 20, 0.05),
(10727, 56, '38.0000', 10, 0.05),
(10727, 59, '55.0000', 10, 0.05),
(10728, 30, '25.8900', 15, 0),
(10728, 40, '18.4000', 6, 0),
(10728, 55, '24.0000', 12, 0),
(10728, 60, '34.0000', 15, 0),
(10729, 1, '18.0000', 50, 0),
(10729, 21, '10.0000', 30, 0),
(10729, 50, '16.2500', 40, 0),
(10730, 16, '17.4500', 15, 0.05),
(10730, 31, '12.5000', 3, 0.05),
(10730, 65, '21.0500', 10, 0.05),
(10731, 21, '10.0000', 40, 0.05),
(10731, 51, '53.0000', 30, 0.05),
(10732, 76, '18.0000', 20, 0),
(10733, 14, '23.2500', 16, 0),
(10733, 28, '45.6000', 20, 0),
(10733, 52, '7.0000', 25, 0),
(10734, 6, '25.0000', 30, 0),
(10734, 30, '25.8900', 15, 0),
(10734, 76, '18.0000', 20, 0),
(10735, 61, '28.5000', 20, 0.1),
(10735, 77, '13.0000', 2, 0.1),
(10736, 65, '21.0500', 40, 0),
(10736, 75, '7.7500', 20, 0),
(10737, 13, '6.0000', 4, 0),
(10737, 41, '9.6500', 12, 0),
(10738, 16, '17.4500', 3, 0),
(10739, 36, '19.0000', 6, 0),
(10739, 52, '7.0000', 18, 0),
(10740, 28, '45.6000', 5, 0.2),
(10740, 35, '18.0000', 35, 0.2),
(10740, 45, '9.5000', 40, 0.2),
(10740, 56, '38.0000', 14, 0.2),
(10741, 2, '19.0000', 15, 0.2),
(10742, 3, '10.0000', 20, 0),
(10742, 60, '34.0000', 50, 0),
(10742, 72, '34.8000', 35, 0),
(10743, 46, '12.0000', 28, 0.05),
(10744, 40, '18.4000', 50, 0.2),
(10745, 18, '62.5000', 24, 0),
(10745, 44, '19.4500', 16, 0),
(10745, 59, '55.0000', 45, 0),
(10745, 72, '34.8000', 7, 0),
(10746, 13, '6.0000', 6, 0),
(10746, 42, '14.0000', 28, 0),
(10746, 62, '49.3000', 9, 0),
(10746, 69, '36.0000', 40, 0),
(10747, 31, '12.5000', 8, 0),
(10747, 41, '9.6500', 35, 0),
(10747, 63, '43.9000', 9, 0),
(10747, 69, '36.0000', 30, 0),
(10748, 23, '9.0000', 44, 0),
(10748, 40, '18.4000', 40, 0),
(10748, 56, '38.0000', 28, 0),
(10749, 56, '38.0000', 15, 0),
(10749, 59, '55.0000', 6, 0),
(10749, 76, '18.0000', 10, 0),
(10750, 14, '23.2500', 5, 0.15),
(10750, 45, '9.5000', 40, 0.15),
(10750, 59, '55.0000', 25, 0.15),
(10751, 26, '31.2300', 12, 0.1),
(10751, 30, '25.8900', 30, 0),
(10751, 50, '16.2500', 20, 0.1),
(10751, 73, '15.0000', 15, 0),
(10752, 1, '18.0000', 8, 0),
(10752, 69, '36.0000', 3, 0),
(10753, 45, '9.5000', 4, 0),
(10753, 74, '10.0000', 5, 0),
(10754, 40, '18.4000', 3, 0),
(10755, 47, '9.5000', 30, 0.25),
(10755, 56, '38.0000', 30, 0.25),
(10755, 57, '19.5000', 14, 0.25),
(10755, 69, '36.0000', 25, 0.25),
(10756, 18, '62.5000', 21, 0.2),
(10756, 36, '19.0000', 20, 0.2),
(10756, 68, '12.5000', 6, 0.2),
(10756, 69, '36.0000', 20, 0.2),
(10757, 34, '14.0000', 30, 0),
(10757, 59, '55.0000', 7, 0),
(10757, 62, '49.3000', 30, 0),
(10757, 64, '33.2500', 24, 0),
(10758, 26, '31.2300', 20, 0),
(10758, 52, '7.0000', 60, 0),
(10758, 70, '15.0000', 40, 0),
(10759, 32, '32.0000', 10, 0),
(10760, 25, '14.0000', 12, 0.25),
(10760, 27, '43.9000', 40, 0),
(10760, 43, '46.0000', 30, 0.25),
(10761, 25, '14.0000', 35, 0.25),
(10761, 75, '7.7500', 18, 0),
(10762, 39, '18.0000', 16, 0),
(10762, 47, '9.5000', 30, 0),
(10762, 51, '53.0000', 28, 0),
(10762, 56, '38.0000', 60, 0),
(10763, 21, '10.0000', 40, 0),
(10763, 22, '21.0000', 6, 0),
(10763, 24, '4.5000', 20, 0),
(10764, 3, '10.0000', 20, 0.1),
(10764, 39, '18.0000', 130, 0.1),
(10765, 65, '21.0500', 80, 0.1),
(10766, 2, '19.0000', 40, 0),
(10766, 7, '30.0000', 35, 0),
(10766, 68, '12.5000', 40, 0),
(10767, 42, '14.0000', 2, 0),
(10768, 22, '21.0000', 4, 0),
(10768, 31, '12.5000', 50, 0),
(10768, 60, '34.0000', 15, 0),
(10768, 71, '21.5000', 12, 0),
(10769, 41, '9.6500', 30, 0.05),
(10769, 52, '7.0000', 15, 0.05),
(10769, 61, '28.5000', 20, 0),
(10769, 62, '49.3000', 15, 0),
(10770, 11, '21.0000', 15, 0.25),
(10771, 71, '21.5000', 16, 0),
(10772, 29, '123.7900', 18, 0),
(10772, 59, '55.0000', 25, 0),
(10773, 17, '39.0000', 33, 0),
(10773, 31, '12.5000', 70, 0.2),
(10773, 75, '7.7500', 7, 0.2),
(10774, 31, '12.5000', 2, 0.25),
(10774, 66, '17.0000', 50, 0),
(10775, 10, '31.0000', 6, 0),
(10775, 67, '14.0000', 3, 0),
(10776, 31, '12.5000', 16, 0.05),
(10776, 42, '14.0000', 12, 0.05),
(10776, 45, '9.5000', 27, 0.05),
(10776, 51, '53.0000', 120, 0.05),
(10777, 42, '14.0000', 20, 0.2),
(10778, 41, '9.6500', 10, 0),
(10779, 16, '17.4500', 20, 0),
(10779, 62, '49.3000', 20, 0),
(10780, 70, '15.0000', 35, 0),
(10780, 77, '13.0000', 15, 0),
(10781, 54, '7.4500', 3, 0.2),
(10781, 56, '38.0000', 20, 0.2),
(10781, 74, '10.0000', 35, 0),
(10782, 31, '12.5000', 1, 0),
(10783, 31, '12.5000', 10, 0),
(10783, 38, '263.5000', 5, 0),
(10784, 36, '19.0000', 30, 0),
(10784, 39, '18.0000', 2, 0.15),
(10784, 72, '34.8000', 30, 0.15),
(10785, 10, '31.0000', 10, 0),
(10785, 75, '7.7500', 10, 0),
(10786, 8, '40.0000', 30, 0.2),
(10786, 30, '25.8900', 15, 0.2),
(10786, 75, '7.7500', 42, 0.2),
(10787, 2, '19.0000', 15, 0.05),
(10787, 29, '123.7900', 20, 0.05),
(10788, 19, '9.2000', 50, 0.05),
(10788, 75, '7.7500', 40, 0.05),
(10789, 18, '62.5000', 30, 0),
(10789, 35, '18.0000', 15, 0),
(10789, 63, '43.9000', 30, 0),
(10789, 68, '12.5000', 18, 0),
(10790, 7, '30.0000', 3, 0.15),
(10790, 56, '38.0000', 20, 0.15),
(10791, 29, '123.7900', 14, 0.05),
(10791, 41, '9.6500', 20, 0.05),
(10792, 2, '19.0000', 10, 0),
(10792, 54, '7.4500', 3, 0),
(10792, 68, '12.5000', 15, 0),
(10793, 41, '9.6500', 14, 0),
(10793, 52, '7.0000', 8, 0),
(10794, 14, '23.2500', 15, 0.2),
(10794, 54, '7.4500', 6, 0.2),
(10795, 16, '17.4500', 65, 0),
(10795, 17, '39.0000', 35, 0.25),
(10796, 26, '31.2300', 21, 0.2),
(10796, 44, '19.4500', 10, 0),
(10796, 64, '33.2500', 35, 0.2),
(10796, 69, '36.0000', 24, 0.2),
(10797, 11, '21.0000', 20, 0),
(10798, 62, '49.3000', 2, 0),
(10798, 72, '34.8000', 10, 0),
(10799, 13, '6.0000', 20, 0.15),
(10799, 24, '4.5000', 20, 0.15),
(10799, 59, '55.0000', 25, 0),
(10800, 11, '21.0000', 50, 0.1),
(10800, 51, '53.0000', 10, 0.1),
(10800, 54, '7.4500', 7, 0.1),
(10801, 17, '39.0000', 40, 0.25),
(10801, 29, '123.7900', 20, 0.25),
(10802, 30, '25.8900', 25, 0.25),
(10802, 51, '53.0000', 30, 0.25),
(10802, 55, '24.0000', 60, 0.25),
(10802, 62, '49.3000', 5, 0.25),
(10803, 19, '9.2000', 24, 0.05),
(10803, 25, '14.0000', 15, 0.05),
(10803, 59, '55.0000', 15, 0.05),
(10804, 10, '31.0000', 36, 0),
(10804, 28, '45.6000', 24, 0),
(10804, 49, '20.0000', 4, 0.15),
(10805, 34, '14.0000', 10, 0),
(10805, 38, '263.5000', 10, 0),
(10806, 2, '19.0000', 20, 0.25),
(10806, 65, '21.0500', 2, 0),
(10806, 74, '10.0000', 15, 0.25),
(10807, 40, '18.4000', 1, 0),
(10808, 56, '38.0000', 20, 0.15),
(10808, 76, '18.0000', 50, 0.15),
(10809, 52, '7.0000', 20, 0),
(10810, 13, '6.0000', 7, 0),
(10810, 25, '14.0000', 5, 0),
(10810, 70, '15.0000', 5, 0),
(10811, 19, '9.2000', 15, 0),
(10811, 23, '9.0000', 18, 0),
(10811, 40, '18.4000', 30, 0),
(10812, 31, '12.5000', 16, 0.1),
(10812, 72, '34.8000', 40, 0.1),
(10812, 77, '13.0000', 20, 0),
(10813, 2, '19.0000', 12, 0.2),
(10813, 46, '12.0000', 35, 0),
(10814, 41, '9.6500', 20, 0),
(10814, 43, '46.0000', 20, 0.15),
(10814, 48, '12.7500', 8, 0.15),
(10814, 61, '28.5000', 30, 0.15),
(10815, 33, '2.5000', 16, 0),
(10816, 38, '263.5000', 30, 0.05),
(10816, 62, '49.3000', 20, 0.05),
(10817, 26, '31.2300', 40, 0.15),
(10817, 38, '263.5000', 30, 0),
(10817, 40, '18.4000', 60, 0.15),
(10817, 62, '49.3000', 25, 0.15),
(10818, 32, '32.0000', 20, 0),
(10818, 41, '9.6500', 20, 0),
(10819, 43, '46.0000', 7, 0),
(10819, 75, '7.7500', 20, 0),
(10820, 56, '38.0000', 30, 0),
(10821, 35, '18.0000', 20, 0),
(10821, 51, '53.0000', 6, 0),
(10822, 62, '49.3000', 3, 0),
(10822, 70, '15.0000', 6, 0),
(10823, 11, '21.0000', 20, 0.1),
(10823, 57, '19.5000', 15, 0),
(10823, 59, '55.0000', 40, 0.1),
(10823, 77, '13.0000', 15, 0.1),
(10824, 41, '9.6500', 12, 0),
(10824, 70, '15.0000', 9, 0),
(10825, 26, '31.2300', 12, 0),
(10825, 53, '32.8000', 20, 0),
(10826, 31, '12.5000', 35, 0),
(10826, 57, '19.5000', 15, 0),
(10827, 10, '31.0000', 15, 0),
(10827, 39, '18.0000', 21, 0),
(10828, 20, '81.0000', 5, 0),
(10828, 38, '263.5000', 2, 0),
(10829, 2, '19.0000', 10, 0),
(10829, 8, '40.0000', 20, 0),
(10829, 13, '6.0000', 10, 0),
(10829, 60, '34.0000', 21, 0),
(10830, 6, '25.0000', 6, 0),
(10830, 39, '18.0000', 28, 0),
(10830, 60, '34.0000', 30, 0),
(10830, 68, '12.5000', 24, 0),
(10831, 19, '9.2000', 2, 0),
(10831, 35, '18.0000', 8, 0),
(10831, 38, '263.5000', 8, 0),
(10831, 43, '46.0000', 9, 0),
(10832, 13, '6.0000', 3, 0.2),
(10832, 25, '14.0000', 10, 0.2),
(10832, 44, '19.4500', 16, 0.2),
(10832, 64, '33.2500', 3, 0),
(10833, 7, '30.0000', 20, 0.1),
(10833, 31, '12.5000', 9, 0.1),
(10833, 53, '32.8000', 9, 0.1),
(10834, 29, '123.7900', 8, 0.05),
(10834, 30, '25.8900', 20, 0.05),
(10835, 59, '55.0000', 15, 0),
(10835, 77, '13.0000', 2, 0.2),
(10836, 22, '21.0000', 52, 0),
(10836, 35, '18.0000', 6, 0),
(10836, 57, '19.5000', 24, 0),
(10836, 60, '34.0000', 60, 0),
(10836, 64, '33.2500', 30, 0),
(10837, 13, '6.0000', 6, 0),
(10837, 40, '18.4000', 25, 0),
(10837, 47, '9.5000', 40, 0.25),
(10837, 76, '18.0000', 21, 0.25),
(10838, 1, '18.0000', 4, 0.25),
(10838, 18, '62.5000', 25, 0.25),
(10838, 36, '19.0000', 50, 0.25),
(10839, 58, '13.2500', 30, 0.1),
(10839, 72, '34.8000', 15, 0.1),
(10840, 25, '14.0000', 6, 0.2),
(10840, 39, '18.0000', 10, 0.2),
(10841, 10, '31.0000', 16, 0),
(10841, 56, '38.0000', 30, 0),
(10841, 59, '55.0000', 50, 0),
(10841, 77, '13.0000', 15, 0),
(10842, 11, '21.0000', 15, 0),
(10842, 43, '46.0000', 5, 0),
(10842, 68, '12.5000', 20, 0),
(10842, 70, '15.0000', 12, 0),
(10843, 51, '53.0000', 4, 0.25),
(10844, 22, '21.0000', 35, 0),
(10845, 23, '9.0000', 70, 0.1),
(10845, 35, '18.0000', 25, 0.1),
(10845, 42, '14.0000', 42, 0.1),
(10845, 58, '13.2500', 60, 0.1),
(10845, 64, '33.2500', 48, 0),
(10846, 4, '22.0000', 21, 0),
(10846, 70, '15.0000', 30, 0),
(10846, 74, '10.0000', 20, 0),
(10847, 1, '18.0000', 80, 0.2),
(10847, 19, '9.2000', 12, 0.2),
(10847, 37, '26.0000', 60, 0.2),
(10847, 45, '9.5000', 36, 0.2),
(10847, 60, '34.0000', 45, 0.2),
(10847, 71, '21.5000', 55, 0.2),
(10848, 5, '21.3500', 30, 0),
(10848, 9, '97.0000', 3, 0),
(10849, 3, '10.0000', 49, 0),
(10849, 26, '31.2300', 18, 0.15),
(10850, 25, '14.0000', 20, 0.15),
(10850, 33, '2.5000', 4, 0.15),
(10850, 70, '15.0000', 30, 0.15),
(10851, 2, '19.0000', 5, 0.05),
(10851, 25, '14.0000', 10, 0.05),
(10851, 57, '19.5000', 10, 0.05),
(10851, 59, '55.0000', 42, 0.05),
(10852, 2, '19.0000', 15, 0),
(10852, 17, '39.0000', 6, 0),
(10852, 62, '49.3000', 50, 0),
(10853, 18, '62.5000', 10, 0),
(10854, 10, '31.0000', 100, 0.15),
(10854, 13, '6.0000', 65, 0.15),
(10855, 16, '17.4500', 50, 0),
(10855, 31, '12.5000', 14, 0),
(10855, 56, '38.0000', 24, 0),
(10855, 65, '21.0500', 15, 0.15),
(10856, 2, '19.0000', 20, 0),
(10856, 42, '14.0000', 20, 0),
(10857, 3, '10.0000', 30, 0),
(10857, 26, '31.2300', 35, 0.25),
(10857, 29, '123.7900', 10, 0.25),
(10858, 7, '30.0000', 5, 0),
(10858, 27, '43.9000', 10, 0),
(10858, 70, '15.0000', 4, 0),
(10859, 24, '4.5000', 40, 0.25),
(10859, 54, '7.4500', 35, 0.25),
(10859, 64, '33.2500', 30, 0.25),
(10860, 51, '53.0000', 3, 0),
(10860, 76, '18.0000', 20, 0),
(10861, 17, '39.0000', 42, 0),
(10861, 18, '62.5000', 20, 0),
(10861, 21, '10.0000', 40, 0),
(10861, 33, '2.5000', 35, 0),
(10861, 62, '49.3000', 3, 0),
(10862, 11, '21.0000', 25, 0),
(10862, 52, '7.0000', 8, 0),
(10863, 1, '18.0000', 20, 0.15),
(10863, 58, '13.2500', 12, 0.15),
(10864, 35, '18.0000', 4, 0),
(10864, 67, '14.0000', 15, 0),
(10865, 38, '263.5000', 60, 0.05),
(10865, 39, '18.0000', 80, 0.05),
(10866, 2, '19.0000', 21, 0.25),
(10866, 24, '4.5000', 6, 0.25),
(10866, 30, '25.8900', 40, 0.25),
(10867, 53, '32.8000', 3, 0),
(10868, 26, '31.2300', 20, 0),
(10868, 35, '18.0000', 30, 0),
(10868, 49, '20.0000', 42, 0.1),
(10869, 1, '18.0000', 40, 0),
(10869, 11, '21.0000', 10, 0),
(10869, 23, '9.0000', 50, 0),
(10869, 68, '12.5000', 20, 0),
(10870, 35, '18.0000', 3, 0),
(10870, 51, '53.0000', 2, 0),
(10871, 6, '25.0000', 50, 0.05),
(10871, 16, '17.4500', 12, 0.05),
(10871, 17, '39.0000', 16, 0.05),
(10872, 55, '24.0000', 10, 0.05),
(10872, 62, '49.3000', 20, 0.05),
(10872, 64, '33.2500', 15, 0.05),
(10872, 65, '21.0500', 21, 0.05),
(10873, 21, '10.0000', 20, 0),
(10873, 28, '45.6000', 3, 0),
(10874, 10, '31.0000', 10, 0),
(10875, 19, '9.2000', 25, 0),
(10875, 47, '9.5000', 21, 0.1),
(10875, 49, '20.0000', 15, 0),
(10876, 46, '12.0000', 21, 0),
(10876, 64, '33.2500', 20, 0),
(10877, 16, '17.4500', 30, 0.25),
(10877, 18, '62.5000', 25, 0),
(10878, 20, '81.0000', 20, 0.05),
(10879, 40, '18.4000', 12, 0),
(10879, 65, '21.0500', 10, 0),
(10879, 76, '18.0000', 10, 0),
(10880, 23, '9.0000', 30, 0.2),
(10880, 61, '28.5000', 30, 0.2),
(10880, 70, '15.0000', 50, 0.2),
(10881, 73, '15.0000', 10, 0),
(10882, 42, '14.0000', 25, 0),
(10882, 49, '20.0000', 20, 0.15),
(10882, 54, '7.4500', 32, 0.15),
(10883, 24, '4.5000', 8, 0),
(10884, 21, '10.0000', 40, 0.05),
(10884, 56, '38.0000', 21, 0.05),
(10884, 65, '21.0500', 12, 0.05),
(10885, 2, '19.0000', 20, 0),
(10885, 24, '4.5000', 12, 0),
(10885, 70, '15.0000', 30, 0),
(10885, 77, '13.0000', 25, 0),
(10886, 10, '31.0000', 70, 0),
(10886, 31, '12.5000', 35, 0),
(10886, 77, '13.0000', 40, 0),
(10887, 25, '14.0000', 5, 0),
(10888, 2, '19.0000', 20, 0),
(10888, 68, '12.5000', 18, 0),
(10889, 11, '21.0000', 40, 0),
(10889, 38, '263.5000', 40, 0),
(10890, 17, '39.0000', 15, 0),
(10890, 34, '14.0000', 10, 0),
(10890, 41, '9.6500', 14, 0),
(10891, 30, '25.8900', 15, 0.05),
(10892, 59, '55.0000', 40, 0.05),
(10893, 8, '40.0000', 30, 0);
INSERT INTO orderdetails (id_order, id_product, unit_price, quantity, discount) VALUES
(10893, 24, '4.5000', 10, 0),
(10893, 29, '123.7900', 24, 0),
(10893, 30, '25.8900', 35, 0),
(10893, 36, '19.0000', 20, 0),
(10894, 13, '6.0000', 28, 0.05),
(10894, 69, '36.0000', 50, 0.05),
(10894, 75, '7.7500', 120, 0.05),
(10895, 24, '4.5000', 110, 0),
(10895, 39, '18.0000', 45, 0),
(10895, 40, '18.4000', 91, 0),
(10895, 60, '34.0000', 100, 0),
(10896, 45, '9.5000', 15, 0),
(10896, 56, '38.0000', 16, 0),
(10897, 29, '123.7900', 80, 0),
(10897, 30, '25.8900', 36, 0),
(10898, 13, '6.0000', 5, 0),
(10899, 39, '18.0000', 8, 0.15),
(10900, 70, '15.0000', 3, 0.25),
(10901, 41, '9.6500', 30, 0),
(10901, 71, '21.5000', 30, 0),
(10902, 55, '24.0000', 30, 0.15),
(10902, 62, '49.3000', 6, 0.15),
(10903, 13, '6.0000', 40, 0),
(10903, 65, '21.0500', 21, 0),
(10903, 68, '12.5000', 20, 0),
(10904, 58, '13.2500', 15, 0),
(10904, 62, '49.3000', 35, 0),
(10905, 1, '18.0000', 20, 0.05),
(10906, 61, '28.5000', 15, 0),
(10907, 75, '7.7500', 14, 0),
(10908, 7, '30.0000', 20, 0.05),
(10908, 52, '7.0000', 14, 0.05),
(10909, 7, '30.0000', 12, 0),
(10909, 16, '17.4500', 15, 0),
(10909, 41, '9.6500', 5, 0),
(10910, 19, '9.2000', 12, 0),
(10910, 49, '20.0000', 10, 0),
(10910, 61, '28.5000', 5, 0),
(10911, 1, '18.0000', 10, 0),
(10911, 17, '39.0000', 12, 0),
(10911, 67, '14.0000', 15, 0),
(10912, 11, '21.0000', 40, 0.25),
(10912, 29, '123.7900', 60, 0.25),
(10913, 4, '22.0000', 30, 0.25),
(10913, 33, '2.5000', 40, 0.25),
(10913, 58, '13.2500', 15, 0),
(10914, 71, '21.5000', 25, 0),
(10915, 17, '39.0000', 10, 0),
(10915, 33, '2.5000', 30, 0),
(10915, 54, '7.4500', 10, 0),
(10916, 16, '17.4500', 6, 0),
(10916, 32, '32.0000', 6, 0),
(10916, 57, '19.5000', 20, 0),
(10917, 30, '25.8900', 1, 0),
(10917, 60, '34.0000', 10, 0),
(10918, 1, '18.0000', 60, 0.25),
(10918, 60, '34.0000', 25, 0.25),
(10919, 16, '17.4500', 24, 0),
(10919, 25, '14.0000', 24, 0),
(10919, 40, '18.4000', 20, 0),
(10920, 50, '16.2500', 24, 0),
(10921, 35, '18.0000', 10, 0),
(10921, 63, '43.9000', 40, 0),
(10922, 17, '39.0000', 15, 0),
(10922, 24, '4.5000', 35, 0),
(10923, 42, '14.0000', 10, 0.2),
(10923, 43, '46.0000', 10, 0.2),
(10923, 67, '14.0000', 24, 0.2),
(10924, 10, '31.0000', 20, 0.1),
(10924, 28, '45.6000', 30, 0.1),
(10924, 75, '7.7500', 6, 0),
(10925, 36, '19.0000', 25, 0.15),
(10925, 52, '7.0000', 12, 0.15),
(10926, 11, '21.0000', 2, 0),
(10926, 13, '6.0000', 10, 0),
(10926, 19, '9.2000', 7, 0),
(10926, 72, '34.8000', 10, 0),
(10927, 20, '81.0000', 5, 0),
(10927, 52, '7.0000', 5, 0),
(10927, 76, '18.0000', 20, 0),
(10928, 47, '9.5000', 5, 0),
(10928, 76, '18.0000', 5, 0),
(10929, 21, '10.0000', 60, 0),
(10929, 75, '7.7500', 49, 0),
(10929, 77, '13.0000', 15, 0),
(10930, 21, '10.0000', 36, 0),
(10930, 27, '43.9000', 25, 0),
(10930, 55, '24.0000', 25, 0.2),
(10930, 58, '13.2500', 30, 0.2),
(10931, 13, '6.0000', 42, 0.15),
(10931, 57, '19.5000', 30, 0),
(10932, 16, '17.4500', 30, 0.1),
(10932, 62, '49.3000', 14, 0.1),
(10932, 72, '34.8000', 16, 0),
(10932, 75, '7.7500', 20, 0.1),
(10933, 53, '32.8000', 2, 0),
(10933, 61, '28.5000', 30, 0),
(10934, 6, '25.0000', 20, 0),
(10935, 1, '18.0000', 21, 0),
(10935, 18, '62.5000', 4, 0.25),
(10935, 23, '9.0000', 8, 0.25),
(10936, 36, '19.0000', 30, 0.2),
(10937, 28, '45.6000', 8, 0),
(10937, 34, '14.0000', 20, 0),
(10938, 13, '6.0000', 20, 0.25),
(10938, 43, '46.0000', 24, 0.25),
(10938, 60, '34.0000', 49, 0.25),
(10938, 71, '21.5000', 35, 0.25),
(10939, 2, '19.0000', 10, 0.15),
(10939, 67, '14.0000', 40, 0.15),
(10940, 7, '30.0000', 8, 0),
(10940, 13, '6.0000', 20, 0),
(10941, 31, '12.5000', 44, 0.25),
(10941, 62, '49.3000', 30, 0.25),
(10941, 68, '12.5000', 80, 0.25),
(10941, 72, '34.8000', 50, 0),
(10942, 49, '20.0000', 28, 0),
(10943, 13, '6.0000', 15, 0),
(10943, 22, '21.0000', 21, 0),
(10943, 46, '12.0000', 15, 0),
(10944, 11, '21.0000', 5, 0.25),
(10944, 44, '19.4500', 18, 0.25),
(10944, 56, '38.0000', 18, 0),
(10945, 13, '6.0000', 20, 0),
(10945, 31, '12.5000', 10, 0),
(10946, 10, '31.0000', 25, 0),
(10946, 24, '4.5000', 25, 0),
(10946, 77, '13.0000', 40, 0),
(10947, 59, '55.0000', 4, 0),
(10948, 50, '16.2500', 9, 0),
(10948, 51, '53.0000', 40, 0),
(10948, 55, '24.0000', 4, 0),
(10949, 6, '25.0000', 12, 0),
(10949, 10, '31.0000', 30, 0),
(10949, 17, '39.0000', 6, 0),
(10949, 62, '49.3000', 60, 0),
(10950, 4, '22.0000', 5, 0),
(10951, 33, '2.5000', 15, 0.05),
(10951, 41, '9.6500', 6, 0.05),
(10951, 75, '7.7500', 50, 0.05),
(10952, 6, '25.0000', 16, 0.05),
(10952, 28, '45.6000', 2, 0),
(10953, 20, '81.0000', 50, 0.05),
(10953, 31, '12.5000', 50, 0.05),
(10954, 16, '17.4500', 28, 0.15),
(10954, 31, '12.5000', 25, 0.15),
(10954, 45, '9.5000', 30, 0),
(10954, 60, '34.0000', 24, 0.15),
(10955, 75, '7.7500', 12, 0.2),
(10956, 21, '10.0000', 12, 0),
(10956, 47, '9.5000', 14, 0),
(10956, 51, '53.0000', 8, 0),
(10957, 30, '25.8900', 30, 0),
(10957, 35, '18.0000', 40, 0),
(10957, 64, '33.2500', 8, 0),
(10958, 5, '21.3500', 20, 0),
(10958, 7, '30.0000', 6, 0),
(10958, 72, '34.8000', 5, 0),
(10959, 75, '7.7500', 20, 0.15),
(10960, 24, '4.5000', 10, 0.25),
(10960, 41, '9.6500', 24, 0),
(10961, 52, '7.0000', 6, 0.05),
(10961, 76, '18.0000', 60, 0),
(10962, 7, '30.0000', 45, 0),
(10962, 13, '6.0000', 77, 0),
(10962, 53, '32.8000', 20, 0),
(10962, 69, '36.0000', 9, 0),
(10962, 76, '18.0000', 44, 0),
(10963, 60, '34.0000', 2, 0.15),
(10964, 18, '62.5000', 6, 0),
(10964, 38, '263.5000', 5, 0),
(10964, 69, '36.0000', 10, 0),
(10965, 51, '53.0000', 16, 0),
(10966, 37, '26.0000', 8, 0),
(10966, 56, '38.0000', 12, 0.15),
(10966, 62, '49.3000', 12, 0.15),
(10967, 19, '9.2000', 12, 0),
(10967, 49, '20.0000', 40, 0),
(10968, 12, '38.0000', 30, 0),
(10968, 24, '4.5000', 30, 0),
(10968, 64, '33.2500', 4, 0),
(10969, 46, '12.0000', 9, 0),
(10970, 52, '7.0000', 40, 0.2),
(10971, 29, '123.7900', 14, 0),
(10972, 17, '39.0000', 6, 0),
(10972, 33, '2.5000', 7, 0),
(10973, 26, '31.2300', 5, 0),
(10973, 41, '9.6500', 6, 0),
(10973, 75, '7.7500', 10, 0),
(10974, 63, '43.9000', 10, 0),
(10975, 8, '40.0000', 16, 0),
(10975, 75, '7.7500', 10, 0),
(10976, 28, '45.6000', 20, 0),
(10977, 39, '18.0000', 30, 0),
(10977, 47, '9.5000', 30, 0),
(10977, 51, '53.0000', 10, 0),
(10977, 63, '43.9000', 20, 0),
(10978, 8, '40.0000', 20, 0.15),
(10978, 21, '10.0000', 40, 0.15),
(10978, 40, '18.4000', 10, 0),
(10978, 44, '19.4500', 6, 0.15),
(10979, 7, '30.0000', 18, 0),
(10979, 12, '38.0000', 20, 0),
(10979, 24, '4.5000', 80, 0),
(10979, 27, '43.9000', 30, 0),
(10979, 31, '12.5000', 24, 0),
(10979, 63, '43.9000', 35, 0),
(10980, 75, '7.7500', 40, 0.2),
(10981, 38, '263.5000', 60, 0),
(10982, 7, '30.0000', 20, 0),
(10982, 43, '46.0000', 9, 0),
(10983, 13, '6.0000', 84, 0.15),
(10983, 57, '19.5000', 15, 0),
(10984, 16, '17.4500', 55, 0),
(10984, 24, '4.5000', 20, 0),
(10984, 36, '19.0000', 40, 0),
(10985, 16, '17.4500', 36, 0.1),
(10985, 18, '62.5000', 8, 0.1),
(10985, 32, '32.0000', 35, 0.1),
(10986, 11, '21.0000', 30, 0),
(10986, 20, '81.0000', 15, 0),
(10986, 76, '18.0000', 10, 0),
(10986, 77, '13.0000', 15, 0),
(10987, 7, '30.0000', 60, 0),
(10987, 43, '46.0000', 6, 0),
(10987, 72, '34.8000', 20, 0),
(10988, 7, '30.0000', 60, 0),
(10988, 62, '49.3000', 40, 0.1),
(10989, 6, '25.0000', 40, 0),
(10989, 11, '21.0000', 15, 0),
(10989, 41, '9.6500', 4, 0),
(10990, 21, '10.0000', 65, 0),
(10990, 34, '14.0000', 60, 0.15),
(10990, 55, '24.0000', 65, 0.15),
(10990, 61, '28.5000', 66, 0.15),
(10991, 2, '19.0000', 50, 0.2),
(10991, 70, '15.0000', 20, 0.2),
(10991, 76, '18.0000', 90, 0.2),
(10992, 72, '34.8000', 2, 0),
(10993, 29, '123.7900', 50, 0.25),
(10993, 41, '9.6500', 35, 0.25),
(10994, 59, '55.0000', 18, 0.05),
(10995, 51, '53.0000', 20, 0),
(10995, 60, '34.0000', 4, 0),
(10996, 42, '14.0000', 40, 0),
(10997, 32, '32.0000', 50, 0),
(10997, 46, '12.0000', 20, 0.25),
(10997, 52, '7.0000', 20, 0.25),
(10998, 24, '4.5000', 12, 0),
(10998, 61, '28.5000', 7, 0),
(10998, 74, '10.0000', 20, 0),
(10998, 75, '7.7500', 30, 0),
(10999, 41, '9.6500', 20, 0.05),
(10999, 51, '53.0000', 15, 0.05),
(10999, 77, '13.0000', 21, 0.05),
(11000, 4, '22.0000', 25, 0.25),
(11000, 24, '4.5000', 30, 0.25),
(11000, 77, '13.0000', 30, 0),
(11001, 7, '30.0000', 60, 0),
(11001, 22, '21.0000', 25, 0),
(11001, 46, '12.0000', 25, 0),
(11001, 55, '24.0000', 6, 0),
(11002, 13, '6.0000', 56, 0),
(11002, 35, '18.0000', 15, 0.15),
(11002, 42, '14.0000', 24, 0.15),
(11002, 55, '24.0000', 40, 0),
(11003, 1, '18.0000', 4, 0),
(11003, 40, '18.4000', 10, 0),
(11003, 52, '7.0000', 10, 0),
(11004, 26, '31.2300', 6, 0),
(11004, 76, '18.0000', 6, 0),
(11005, 1, '18.0000', 2, 0),
(11005, 59, '55.0000', 10, 0),
(11006, 1, '18.0000', 8, 0),
(11006, 29, '123.7900', 2, 0.25),
(11007, 8, '40.0000', 30, 0),
(11007, 29, '123.7900', 10, 0),
(11007, 42, '14.0000', 14, 0),
(11008, 28, '45.6000', 70, 0.05),
(11008, 34, '14.0000', 90, 0.05),
(11008, 71, '21.5000', 21, 0),
(11009, 24, '4.5000', 12, 0),
(11009, 36, '19.0000', 18, 0.25),
(11009, 60, '34.0000', 9, 0),
(11010, 7, '30.0000', 20, 0),
(11010, 24, '4.5000', 10, 0),
(11011, 58, '13.2500', 40, 0.05),
(11011, 71, '21.5000', 20, 0),
(11012, 19, '9.2000', 50, 0.05),
(11012, 60, '34.0000', 36, 0.05),
(11012, 71, '21.5000', 60, 0.05),
(11013, 23, '9.0000', 10, 0),
(11013, 42, '14.0000', 4, 0),
(11013, 45, '9.5000', 20, 0),
(11013, 68, '12.5000', 2, 0),
(11014, 41, '9.6500', 28, 0.1),
(11015, 30, '25.8900', 15, 0),
(11015, 77, '13.0000', 18, 0),
(11016, 31, '12.5000', 15, 0),
(11016, 36, '19.0000', 16, 0),
(11017, 3, '10.0000', 25, 0),
(11017, 59, '55.0000', 110, 0),
(11017, 70, '15.0000', 30, 0),
(11018, 12, '38.0000', 20, 0),
(11018, 18, '62.5000', 10, 0),
(11018, 56, '38.0000', 5, 0),
(11019, 46, '12.0000', 3, 0),
(11019, 49, '20.0000', 2, 0),
(11020, 10, '31.0000', 24, 0.15),
(11021, 2, '19.0000', 11, 0.25),
(11021, 20, '81.0000', 15, 0),
(11021, 26, '31.2300', 63, 0),
(11021, 51, '53.0000', 44, 0.25),
(11021, 72, '34.8000', 35, 0),
(11022, 19, '9.2000', 35, 0),
(11022, 69, '36.0000', 30, 0),
(11023, 7, '30.0000', 4, 0),
(11023, 43, '46.0000', 30, 0),
(11024, 26, '31.2300', 12, 0),
(11024, 33, '2.5000', 30, 0),
(11024, 65, '21.0500', 21, 0),
(11024, 71, '21.5000', 50, 0),
(11025, 1, '18.0000', 10, 0.1),
(11025, 13, '6.0000', 20, 0.1),
(11026, 18, '62.5000', 8, 0),
(11026, 51, '53.0000', 10, 0),
(11027, 24, '4.5000', 30, 0.25),
(11027, 62, '49.3000', 21, 0.25),
(11028, 55, '24.0000', 35, 0),
(11028, 59, '55.0000', 24, 0),
(11029, 56, '38.0000', 20, 0),
(11029, 63, '43.9000', 12, 0),
(11030, 2, '19.0000', 100, 0.25),
(11030, 5, '21.3500', 70, 0),
(11030, 29, '123.7900', 60, 0.25),
(11030, 59, '55.0000', 100, 0.25),
(11031, 1, '18.0000', 45, 0),
(11031, 13, '6.0000', 80, 0),
(11031, 24, '4.5000', 21, 0),
(11031, 64, '33.2500', 20, 0),
(11031, 71, '21.5000', 16, 0),
(11032, 36, '19.0000', 35, 0),
(11032, 38, '263.5000', 25, 0),
(11032, 59, '55.0000', 30, 0),
(11033, 53, '32.8000', 70, 0.1),
(11033, 69, '36.0000', 36, 0.1),
(11034, 21, '10.0000', 15, 0.1),
(11034, 44, '19.4500', 12, 0),
(11034, 61, '28.5000', 6, 0),
(11035, 1, '18.0000', 10, 0),
(11035, 35, '18.0000', 60, 0),
(11035, 42, '14.0000', 30, 0),
(11035, 54, '7.4500', 10, 0),
(11036, 13, '6.0000', 7, 0),
(11036, 59, '55.0000', 30, 0),
(11037, 70, '15.0000', 4, 0),
(11038, 40, '18.4000', 5, 0.2),
(11038, 52, '7.0000', 2, 0),
(11038, 71, '21.5000', 30, 0),
(11039, 28, '45.6000', 20, 0),
(11039, 35, '18.0000', 24, 0),
(11039, 49, '20.0000', 60, 0),
(11039, 57, '19.5000', 28, 0),
(11040, 21, '10.0000', 20, 0),
(11041, 2, '19.0000', 30, 0.2),
(11041, 63, '43.9000', 30, 0),
(11042, 44, '19.4500', 15, 0),
(11042, 61, '28.5000', 4, 0),
(11043, 11, '21.0000', 10, 0),
(11044, 62, '49.3000', 12, 0),
(11045, 33, '2.5000', 15, 0),
(11045, 51, '53.0000', 24, 0),
(11046, 12, '38.0000', 20, 0.05),
(11046, 32, '32.0000', 15, 0.05),
(11046, 35, '18.0000', 18, 0.05),
(11047, 1, '18.0000', 25, 0.25),
(11047, 5, '21.3500', 30, 0.25),
(11048, 68, '12.5000', 42, 0),
(11049, 2, '19.0000', 10, 0.2),
(11049, 12, '38.0000', 4, 0.2),
(11050, 76, '18.0000', 50, 0.1),
(11051, 24, '4.5000', 10, 0.2),
(11052, 43, '46.0000', 30, 0.2),
(11052, 61, '28.5000', 10, 0.2),
(11053, 18, '62.5000', 35, 0.2),
(11053, 32, '32.0000', 20, 0),
(11053, 64, '33.2500', 25, 0.2),
(11054, 33, '2.5000', 10, 0),
(11054, 67, '14.0000', 20, 0),
(11055, 24, '4.5000', 15, 0),
(11055, 25, '14.0000', 15, 0),
(11055, 51, '53.0000', 20, 0),
(11055, 57, '19.5000', 20, 0),
(11056, 7, '30.0000', 40, 0),
(11056, 55, '24.0000', 35, 0),
(11056, 60, '34.0000', 50, 0),
(11057, 70, '15.0000', 3, 0),
(11058, 21, '10.0000', 3, 0),
(11058, 60, '34.0000', 21, 0),
(11058, 61, '28.5000', 4, 0),
(11059, 13, '6.0000', 30, 0),
(11059, 17, '39.0000', 12, 0),
(11059, 60, '34.0000', 35, 0),
(11060, 60, '34.0000', 4, 0),
(11060, 77, '13.0000', 10, 0),
(11061, 60, '34.0000', 15, 0),
(11062, 53, '32.8000', 10, 0.2),
(11062, 70, '15.0000', 12, 0.2),
(11063, 34, '14.0000', 30, 0),
(11063, 40, '18.4000', 40, 0.1),
(11063, 41, '9.6500', 30, 0.1),
(11064, 17, '39.0000', 77, 0.1),
(11064, 41, '9.6500', 12, 0),
(11064, 53, '32.8000', 25, 0.1),
(11064, 55, '24.0000', 4, 0.1),
(11064, 68, '12.5000', 55, 0),
(11065, 30, '25.8900', 4, 0.25),
(11065, 54, '7.4500', 20, 0.25),
(11066, 16, '17.4500', 3, 0),
(11066, 19, '9.2000', 42, 0),
(11066, 34, '14.0000', 35, 0),
(11067, 41, '9.6500', 9, 0),
(11068, 28, '45.6000', 8, 0.15),
(11068, 43, '46.0000', 36, 0.15),
(11068, 77, '13.0000', 28, 0.15),
(11069, 39, '18.0000', 20, 0),
(11070, 1, '18.0000', 40, 0.15),
(11070, 2, '19.0000', 20, 0.15),
(11070, 16, '17.4500', 30, 0.15),
(11070, 31, '12.5000', 20, 0),
(11071, 7, '30.0000', 15, 0.05),
(11071, 13, '6.0000', 10, 0.05),
(11072, 2, '19.0000', 8, 0),
(11072, 41, '9.6500', 40, 0),
(11072, 50, '16.2500', 22, 0),
(11072, 64, '33.2500', 130, 0),
(11073, 11, '21.0000', 10, 0),
(11073, 24, '4.5000', 20, 0),
(11074, 16, '17.4500', 14, 0.05),
(11075, 2, '19.0000', 10, 0.15),
(11075, 46, '12.0000', 30, 0.15),
(11075, 76, '18.0000', 2, 0.15),
(11076, 6, '25.0000', 20, 0.25),
(11076, 14, '23.2500', 20, 0.25),
(11076, 19, '9.2000', 10, 0.25),
(11077, 2, '19.0000', 24, 0.2),
(11077, 3, '10.0000', 4, 0),
(11077, 4, '22.0000', 1, 0),
(11077, 6, '25.0000', 1, 0.02),
(11077, 7, '30.0000', 1, 0.05),
(11077, 8, '40.0000', 2, 0.1),
(11077, 10, '31.0000', 1, 0),
(11077, 12, '38.0000', 2, 0.05),
(11077, 13, '6.0000', 4, 0),
(11077, 14, '23.2500', 1, 0.03),
(11077, 16, '17.4500', 2, 0.03),
(11077, 20, '81.0000', 1, 0.04),
(11077, 23, '9.0000', 2, 0),
(11077, 32, '32.0000', 1, 0),
(11077, 39, '18.0000', 2, 0.05),
(11077, 41, '9.6500', 3, 0),
(11077, 46, '12.0000', 3, 0.02),
(11077, 52, '7.0000', 2, 0),
(11077, 55, '24.0000', 2, 0),
(11077, 60, '34.0000', 2, 0.06),
(11077, 64, '33.2500', 2, 0.03),
(11077, 66, '17.0000', 1, 0),
(11077, 73, '15.0000', 2, 0.01),
(11077, 75, '7.7500', 4, 0),
(11077, 77, '13.0000', 2, 0);



